id,name,status,confirmed,top_title,top_url,review_title,review_url
3,Roosevelt Field Mall,review,0,,,Roosevelt Field Mall,https://www.reddit.com/r/longisland/comments/1q0nhb4/roosevelt_field_mall/
4,Stony Brook University Hospital,none,0,,,,
6,Walt Whitman Shops,none,0,,,,
8,Long Island Marriott,none,0,,,,
9,Hofstra University — Axinn Library,none,0,,,,
11,Tanger Outlets Deer Park,none,0,,,,
13,North Shore University Hospital,none,0,,,,
14,Long Island Jewish Valley Stream (Northwell Health),none,0,,,,
15,Green Acres Mall,none,0,,,,
16,Adelphi University — Post Hall,none,0,,,,
17,1 Jericho Plaza,none,0,,,,
20,Huntington Hospital (Northwell Health),none,0,,,,
21,Hilton Long Island / Huntington,none,0,,,,
22,Melville Marriott Long Island,none,0,,,,
23,Good Samaritan University Hospital,none,0,,,,
25,Smith Haven Mall,none,0,,,,
26,"Frank Melville Jr. Memorial Library, Stony Brook University",none,0,,,,
28,John T. Mather Memorial Hospital,none,0,,,,
29,South Shore University Hospital,none,0,,,,
31,Eastern Long Island Hospital,none,0,,,,
32,Stony Brook Southampton Hospital,none,0,,,,
33,Mercy Medical Center,none,0,,,,
34,St. Francis Hospital The Heart Center,none,0,,,,
35,Glen Cove Hospital,none,0,,,,
36,Plainview Hospital,none,0,,,,
37,Syosset Hospital,none,0,,,,
38,Long Island Jewish Medical Center,none,0,,,,
39,Cohen Children's Medical Center,none,0,,,,
41,Northport VA Medical Center,none,0,,,,
42,St. Charles Hospital,none,0,,,,
43,St. Joseph Hospital,none,0,,,,
44,South Oaks Hospital,none,0,,,,
46,2 Jericho Plaza,none,0,,,,
48,333 Earle Ovington Blvd,none,0,,,,
50,900 Stewart Ave,none,0,,,,
51,585 Stewart Avenue,none,0,,,,
52,175 Broadhollow Rd,none,0,,,,
53,1010 Northern Blvd,none,0,,,,
55,Henry Schein HQ,none,0,,,,
58,Broadridge Financial Solutions HQ,none,0,,,,
59,Pall Corporation HQ,none,0,,,,
62,1111 Marcus Ave,none,0,,,,
63,400 Crossways Park Drive,none,0,,,,
67,445 Broadhollow Rd,none,0,,,,
70,1000 Woodbury Rd,none,0,,,,
74,Hyatt Regency Long Island,none,0,,,,
75,The Allegria Hotel,none,0,,,,
76,Gurney's Montauk Resort & Seawater Spa,none,0,,,,
77,Hampton Inn Long Island Commack,none,0,,,,
78,Hilton Garden Inn Roslyn,none,0,,,,
88,The Menhaden Hotel,none,0,,,,
90,SUNY Old Westbury — Campus Center,none,0,,,,
91,Farmingdale State College — Gleeson Hall,none,0,,,,
95,Touro Law Center,none,0,,,,
96,Molloy University — Public Square,none,0,,,,
97,St. Joseph's University — Callahan Library,none,0,,,,
98,Stony Brook University — Wang Center,none,0,,,,
99,Stony Brook University — Administration,none,0,,,,
100,Hofstra University — Student Center,none,0,,,,
101,Five Towns College,none,0,,,,
102,Nassau County Courthouse,none,0,,,,
109,Nassau County District Court,none,0,,,,
112,Hempstead Town Hall,review,0,,,"[Local] - Elevator repair coming to Tully Park, North Hempstead Town Hall",https://www.reddit.com/r/NEWSDAYauto/comments/6k3d9x/local_elevator_repair_coming_to_tully_park_north/
113,Suffolk County Family Court,none,0,,,,
124,Huntington Public Library,none,0,,,,
125,Port Washington Public Library,none,0,,,,
127,Middle Country Public Library (Centereach),none,0,,,,
128,Sachem Public Library,none,0,,,,
129,Long Island MacArthur Airport Terminal,none,0,,,,
130,MacArthur Airport Parking Garage,none,0,,,,
131,Pilgrim Psychiatric Center,none,0,,,,
141,Sagamore Children's Psychiatric Center,none,0,,,,
150,3000 Marcus Ave,none,0,,,,
151,400 Garden City Plaza,none,0,,,,
152,1000 Franklin Ave,none,0,,,,
158,900 Merchants Concourse,none,0,,,,
159,290 Broadhollow Rd,none,0,,,,
167,100 Motor Pkwy,none,0,,,,
168,534 Broadhollow Rd,none,0,,,,
169,999 Stewart Avenue,none,0,,,,
174,990 Stewart Ave,none,0,,,,
177,300 Garden City Plaza,none,0,,,,
180,Meltzer Lippe Goldstein & Breitstone LLP,none,0,,,,
182,Bond Schoeneck & King PLLC,none,0,,,,
185,Campolo Middleton & McCormick LLP,none,0,,,,
186,Hamburger Maxson Yaffe & McNally LLP,none,0,,,,
187,Farrell Fritz PC,none,0,,,,
189,Ruskin Moscou Faltischek PC,none,0,,,,
194,Gurney's Star Island Resort,none,0,,,,
196,Topping Rose House,none,0,,,,
197,The Maidstone Hotel,none,0,,,,
203,Sunset Beach Hotel,none,0,,,,
207,American Hotel Sag Harbor,none,0,,,,
208,Montauk Yacht Club,none,0,,,,
209,Cold Spring Harbor Laboratory,none,0,,,,
210,Stony Brook University — Engineering Bldg,none,0,,,,
211,Stony Brook University — Life Sciences Bldg,none,0,,,,
212,Hofstra University — Breslin Hall,none,0,,,,
214,Adelphi University — Earle Hall,none,0,,,,
218,Molloy University — Hagan Hall,none,0,,,,
219,Islip Town Hall,none,0,,,,
220,North Hempstead Town Hall,review,0,,,"[Local] - Elevator repair coming to Tully Park, North Hempstead Town Hall",https://www.reddit.com/r/NEWSDAYauto/comments/6k3d9x/local_elevator_repair_coming_to_tully_park_north/
224,East Hampton Town Hall,none,0,,,,
225,Southampton Town Hall,none,0,,,,
228,Theodore Roosevelt Exec & Legislative Bldg,none,0,,,,
234,Lynbrook Gardens,none,0,,,,
244,The Smithtown Library — Main Branch,none,0,,,,
247,Great Neck Public Library — Main Branch,none,0,,,,
248,Babylon Public Library,none,0,,,,
251,Broadway Mall,covered,1,"OTIS Freight Elevator #5 at IKEA at Broadway Mall in Hicksville, NY",https://www.reddit.com/r/DeepIntoYouTube/comments/2jkuj9/otis_freight_elevator_5_at_ikea_at_broadway_mall/,,
253,The Paramount Huntington,none,0,,,,
254,Tilles Center for the Performing Arts,none,0,,,,
255,Long Island Aquarium and Exhibition Center,none,0,,,,
256,Nassau Veterans Memorial Coliseum,none,0,,,,
257,Long Island Children's Museum,none,0,,,,
259,Stony Brook University Sports Complex,none,0,,,,
262,Gurwin Jewish Nursing & Rehabilitation Center,none,0,,,,
263,Peconic Landing at Southold,none,0,,,,
264,The Bristal Assisted Living at Westbury,none,0,,,,
269,Glengariff Healthcare Center,none,0,,,,
295,Baron's Cove Hotel,none,0,,,,
302,Holiday Inn Westbury,none,0,,,,
305,North Fork Table & Inn,none,0,,,,
331,700 Old Country Rd,none,0,,,,
360,Northwell Health Ophthalmology Great Neck,none,0,,,,
362,Riverhead Town Hall,none,0,,,,
372,Stony Brook University — Harriman Hall,none,0,,,,
375,Adelphi University — Nexus Building,none,0,,,,
377,Nassau BOCES Administrative Center,none,0,,,,
383,Cradle of Aviation Museum,none,0,,,,
384,Parrish Art Museum,none,0,,,,
385,Suffolk County Vanderbilt Museum,none,0,,,,
389,Patchogue Theatre for the Performing Arts,none,0,,,,
392,Huntington YMCA,none,0,,,,
404,Mid-Island Y JCC,none,0,,,,
409,Nassau County Museum of Art,none,0,,,,
432,Levittown Public Library,none,0,,,,
436,Syosset Public Library,none,0,,,,
437,Lindenhurst Memorial Library,none,0,,,,
438,Bay Shore–Brightwaters Public Library,none,0,,,,
439,Patchogue–Medford Library,none,0,,,,
442,Commack Public Library,none,0,,,,
443,North Babylon Public Library,none,0,,,,
444,Elmont Public Library,none,0,,,,
447,Lynbrook Village Hall,none,0,,,,
448,Mineola Village Hall,none,0,,,,
452,Amityville Village Hall,none,0,,,,
455,Farmingdale Village Hall,none,0,,,,
457,New Hyde Park Village Hall,none,0,,,,
462,2 Huntington Quadrangle,none,0,,,,
483,Lake Success Shopping Center,none,0,,,,
491,Memorial Sloan Kettering Commack,none,0,,,,
511,New York Community Bancorp HQ,none,0,,,,
512,Bethpage Federal Credit Union HQ,none,0,,,,
537,East Hampton Village Green,none,0,,,,
541,1770 House Restaurant & Inn,none,0,,,,
542,The Greenporter Hotel,none,0,,,,
559,500 Old Country Rd,none,0,,,,
561,350 Jericho Turnpike,none,0,,,,
574,Sag Harbor Village Hall,none,0,,,,
575,Westhampton Beach Village Hall,none,0,,,,
576,Nassau County Traffic & Parking Agency,none,0,,,,
581,Jericho Middle / High School,none,0,,,,
583,William A. Shine Great Neck South High School,none,0,,,,
584,Garden City High School,none,0,,,,
587,Half Hollow Hills High School East,none,0,,,,
590,Bethpage High School,none,0,,,,
591,Oheka Castle,none,0,,,,
592,Planting Fields — Coe Hall,none,0,,,,
594,Sagamore Hill — Roosevelt Home,none,0,,,,
597,Adventureland Amusement Park,none,0,,,,
599,Splish Splash Water Park,none,0,,,,
601,Temple Beth-El of Great Neck,none,0,,,,
602,Islamic Center of Long Island,none,0,,,,
615,Jericho Terrace Plaza,none,0,,,,
1000,Brunswick Hospital Center,none,0,,,,
1001,South Woods Middle School,none,0,,,,
1002,Piping Rock Club Clubhouse,none,0,,,,
1003,Eastport-South Manor Jr-Sr High School,none,0,,,,
1004,Saint Joseph's Roman Catholic Church,none,0,,,,
1005,Yeshivath Gesher,none,0,,,,
1006,Plainview-Old Bethpage John F. Kennedy High School,none,0,,,,
1007,"Canon USA, Inc.",none,0,,,,
1008,Memorial Sloan Kettering Cancer Center – Nassau,none,0,,,,
1009,Rambam Mesivta,none,0,,,,
1010,East Neck Nursing and Rehabilitation Center,none,0,,,,
1011,Buiding 2,none,0,,,,
1012,FairField Metro,none,0,,,,
1013,North District Lofts,none,0,,,,
1014,Northport Public Library,none,0,,,,
1015,Northport Veterans Hospital,none,0,,,,
1016,Rockville Centre Public Library,none,0,,,,
1017,Department of Veterans Affairs Medical Center - Bldg 200,none,0,,,,
1018,Stony Brook Eastern Long Island Hospital,none,0,,,,
1019,T.Rowe Price,none,0,,,,
1020,Orange Parking Deck,none,0,,,,
1021,Botel,none,0,,,,
1022,Fire Island Lighthouse Visitors Center,none,0,,,,
1023,Fresnel Lens Building,none,0,,,,
1024,Mount Sinai South Nassau,none,0,,,,
1025,Sun Valley,none,0,,,,
1026,Ammann College,none,0,,,,
1027,Gray College,none,0,,,,
1028,Wyandanch Village Apartments,none,0,,,,
1029,Portledge Lower School,none,0,,,,
1030,Locust Valley Library,none,0,,,,
1031,Portledge Upper School,none,0,,,,
1032,Portledge Middle School,none,0,,,,
1033,Glen Pearsall,none,0,,,,
1034,The Tides Motor Inn,none,0,,,,
1035,Five Towns Inn,none,0,,,,
1036,Sayan Center at TSCW,none,0,,,,
1037,Holiday Inn,review,0,,,Help need the elevator to work,https://www.reddit.com/r/Elevators/comments/1mc7djs/help_need_the_elevator_to_work/
1038,1377 Motor Parkway,none,0,,,,
1039,NYU Langone Hospital-Suffolk,none,0,,,,
1040,Garden City Center,none,0,,,,
1041,Natural Science Bulding,none,0,,,,
1042,Horton Hall,none,0,,,,
1043,Lupton Hall,none,0,,,,
1044,Montauk Tower,none,0,,,,
1045,Roger Memorial Library,none,0,,,,
1046,Howitt Middle School - East Building,none,0,,,,
1047,Thompson Hall,none,0,,,,
1048,Whitman Hall,none,0,,,,
1049,Saint Catherine of Sienna Medical Center,none,0,,,,
1050,Good Samaritan Hospital Medical Center,none,0,,,,
1051,Nassau County Supreme Court,none,0,,,,
1052,Southside Hospital,none,0,,,,
1053,The Grand Rehabilitation and Nursing,none,0,,,,
1054,Suffolk County Police 4th Precinct,none,0,,,,
1055,Marshall Hall,none,0,,,,
1056,NYIT Office of Residence Life / Bear Lair,none,0,,,,
1057,Bolivar Hall,none,0,,,,
1058,Kennedy Hall,none,0,,,,
1059,One Kensington Gate,none,0,,,,
1060,Maple Crest,none,0,,,,
1061,Northwell Health Urgent Care,none,0,,,,
1062,The President Apartments,none,0,,,,
1063,"The Town Agency, Inc.",none,0,,,,
1064,1103 Stewart Avenue,none,0,,,,
1065,595 Stewart AVenue,none,0,,,,
1066,Springfield Apartment,none,0,,,,
1067,Shelter Rock Public Library,none,0,,,,
1068,1101 Stewart Avenue,none,0,,,,
1069,Kahn Discovery Center,none,0,,,,
1070,Roosevelt Hall,none,0,,,,
1071,King Hall,none,0,,,,
1072,Anthony Hall,none,0,,,,
1073,Wisser Memorial Library,none,0,,,,
1074,Social and Behavioral Sciences,none,0,,,,
1075,Light Engineering,review,0,,,Schindler PORT Help for a New Facilities Guy - Should These Light Up?,https://www.reddit.com/r/Elevators/comments/1otimjo/schindler_port_help_for_a_new_facilities_guy/
1076,Health Sciences Center,none,0,,,,
1077,Basic Sciences Tower,none,0,,,,
1078,Mount College,none,0,,,,
1079,Hendrix College,none,0,,,,
1080,Chelsea Plaza,none,0,,,,
1081,1 Townhouse Place,none,0,,,,
1082,Maestro,none,0,,,,
1083,Nassau University Medical Center,none,0,,,,
1084,Harbor Landing at Garvies Point,none,0,,,,
1085,Village Square,none,0,,,,
1086,Portledge Commons,none,0,,,,
1087,Organically Yours,none,0,,,,
1088,Physical Fitness Center,none,0,,,,
1089,Peconic Bay Medical Center,none,0,,,,
1090,Shulamith School for Girls,none,0,,,,
1091,NYU Langone Hospital Long Island,none,0,,,,
1092,Horizon of Westbury,none,0,,,,
1093,Hagerman Burn Building,none,0,,,,
1094,South Country Ambulance Company - Station 1,none,0,,,,
