id,name,type,town,verified,verified_by,osm_name,osm_sim,osm_dist_m,osm_kind,wd_label,wd_desc,wd_dist_m,biz_name,biz_dist_m,census_match,census_dist_m,new_lat,new_lng
1,Winthrop / NYU Langone Hospital,Medical,Mineola,False,,NYU Langone Hospital Long Island,0.75,799,amenity=hospital,,,,,,True,727,,
2,RXR Plaza,Office,Uniondale,False,,EAB Plaza Heliport,0.5,806,aeroway=helipad,,,,,,False,,,
3,Roosevelt Field Mall,Mall,Garden City,True,osm,Roosevelt Field Mall,1.0,338,shop=mall,,,,,,False,,40.738048,-73.612665
4,Stony Brook University Hospital,Medical,Stony Brook,True,osm,Stony Brook University Hospital,1.0,41,amenity=hospital,,,,,,False,,,
5,EAB Plaza (West Tower),Office,Uniondale,False,,EAB Plaza Heliport,0.67,2133,aeroway=helipad,,,,,,False,,,
6,Walt Whitman Shops,Mall,Huntington Station,True,wiki,HART H30 - Walt Whitman Shops --> Halesite VIA Greenlawn Road,1.0,2939,feature,Walt Whitman Shops,"shopping mall in Huntington Station, New York",32,,,True,322,,
7,Nassau University Medical Center,Medical,East Meadow,False,,Medical Center,1.0,686,aeroway=helipad,,,,,,True,594,,
8,Long Island Marriott,Hotel,Uniondale,True,osm,Marriott Long Island,1.0,215,feature,,,,,,True,498,40.72404,-73.588089
9,Hofstra University — Axinn Library,Education,Hempstead,True,osm,Axinn Library,1.0,45,amenity=library,,,,,,False,,,
10,Garden City Hotel,Hotel,Garden City,False,,The Garden City Hotel,1.0,258,tourism=hotel,,,,,,True,316,,
11,Tanger Outlets Deer Park,Mall,Deer Park,True,fsq,Deer Park,1.0,1065,building=train_station,,,,Tanger Outlets Deer Park,120,False,,,
12,South Nassau / Mount Sinai South Nassau,Medical,Oceanside,False,,Mount Sinai South Nassau,1.0,1466,amenity=hospital,,,,,,False,,,
13,North Shore University Hospital,Medical,Manhasset,True,osm,North Shore University Hospital Heliport,1.0,28,aeroway=helipad,,,,,,True,217,,
14,Long Island Jewish Valley Stream (Northwell Health),Medical,Valley Stream,True,osm,Long Island Jewish Valley Stream,1.0,10,amenity=hospital,,,,,,True,82,,
15,Green Acres Mall,Mall,Valley Stream,True,osm,Green Acres Mall,1.0,213,shop=mall,,,,,,True,585,40.66241,-73.719502
16,Adelphi University — Post Hall,Education,Garden City,True,osm,Adelphi University,1.0,47,amenity=university,,,,,,True,4189,,
17,1 Jericho Plaza,Office,Jericho,True,osm,1 Jericho Plaza,1.0,849,building=yes,,,,,,True,957,40.786142,-73.546265
18,Sunrise Mall,Mall,Massapequa,False,,Sunrise Mall Bus Terminal,1.0,214,amenity=bus_station,,,,,,True,160,,
19,One Hollow Lane,Office,Lake Success,False,,,,,,,,,,,False,,,
20,Huntington Hospital (Northwell Health),Medical,Huntington,True,osm,Huntington Hospital,1.0,1,amenity=hospital,,,,,,True,132,,
21,Hilton Long Island / Huntington,Hotel,Melville,True,osm,Hilton Long Island/Huntington,1.0,365,tourism=hotel,,,,,,False,,40.763844,-73.42508
22,Melville Marriott Long Island,Hotel,Melville,True,osm,Marriott Melville Long Island,1.0,3,tourism=hotel,,,,,,True,295,,
23,Good Samaritan University Hospital,Medical,West Islip,True,osm,Good Samaritan Hospital Medical Center,0.75,82,amenity=hospital,Good Samaritan University Hospital,"hospital in West Islip, New York, United States",235,,,True,192,,
24,Hauppauge Corporate Center,Office,Hauppauge,False,,Hauppauge Substation,0.5,1231,feature,,,,,,False,,,
25,Smith Haven Mall,Mall,Lake Grove,True,osm,Smith Haven Mall,1.0,821,shop=mall,,,,,,False,,40.865058,-73.130287
26,"Frank Melville Jr. Memorial Library, Stony Brook University",Education,Stony Brook,True,osm,Frank Melville Jr. Memorial Library,1.0,14,amenity=library,,,,,,False,,,
27,Peconic Bay Medical Center,Medical,Riverhead,False,,Peconic Bay Medical Center,1.0,1925,amenity=hospital,Peconic Bay Medical Center,"healthcare organization in Riverhead, United States",1934,,,False,,,
28,John T. Mather Memorial Hospital,Medical,Port Jefferson,True,osm,John T. Mather Memorial Hospital,1.0,29,amenity=hospital,,,,,,False,,,
29,South Shore University Hospital,Medical,Bay Shore,True,wiki,Westfield South Shore,0.67,1334,shop=mall,South Shore University Hospital,"hospital in New York, United States",943,,,True,966,40.725833,-73.240833
30,Long Island Community Hospital,Medical,Patchogue,False,,Long Island Power Network,0.5,8299,feature,Brookhaven Memorial Hospital Medical Center,"healthcare organization in Patchogue, United States",68,,,True,147,,
31,Eastern Long Island Hospital,Medical,Greenport,True,osm,Eastern Long Island Hospital Heliport,1.0,735,aeroway=helipad,,,,,,True,874,41.109956,-72.360119
32,Stony Brook Southampton Hospital,Medical,Southampton,True,osm,Stony Brook Southampton Hospital,1.0,545,amenity=hospital,,,,,,True,511,40.88505,-72.380739
33,Mercy Medical Center,Medical,Rockville Centre,True,osm,Mercy Medical Center,1.0,18,amenity=hospital,,,,,,False,,,
34,St. Francis Hospital The Heart Center,Medical,Roslyn,True,osm,Saint Francis Hospital,0.67,14,amenity=hospital,,,,,,True,177,,
35,Glen Cove Hospital,Medical,Glen Cove,True,osm,Glen Cove Hospital,1.0,20,building=hospital,,,,,,True,155,,
36,Plainview Hospital,Medical,Plainview,True,osm,Plainview Hospital,1.0,952,amenity=hospital,,,,,,True,890,40.774941,-73.478834
37,Syosset Hospital,Medical,Syosset,True,osm,Syosset Hospital,1.0,632,amenity=hospital,,,,,,True,710,40.810972,-73.508088
38,Long Island Jewish Medical Center,Medical,New Hyde Park,True,osm,Long Island Jewish Medical Center,1.0,176,amenity=hospital,,,,,,True,198,40.755667,-73.707712
39,Cohen Children's Medical Center,Medical,New Hyde Park,True,osm,Cohen’s Children’s Medical Center,1.0,0,amenity=hospital,,,,,,True,142,,
40,St. Catherine of Siena Medical Center,Medical,Smithtown,False,,Saint Catherine of Sienna Medical Center,0.75,1924,amenity=hospital,,,,,,True,1431,,
41,Northport VA Medical Center,Medical,Northport,True,wiki,SCT S41 - Bay Shore --> Northport VA Medical Center,1.0,9903,feature,Northport VA Medical Center,"healthcare organization in Northport, United States",556,,,False,,40.893707,-73.308785
42,St. Charles Hospital,Medical,Port Jefferson,True,osm,Saint Charles Hospital,1.0,16,amenity=hospital,,,,,,True,186,,
43,St. Joseph Hospital,Medical,Bethpage,True,osm,St Joseph Hospital,1.0,13,amenity=doctors,,,,,,True,64,,
44,South Oaks Hospital,Medical,Amityville,True,wiki,Brunswick Hospital Center,0.33,133,amenity=hospital,South Oaks Hospital,"power station with capacity >1MW in Suffolk County, New York",259,,,True,828,40.6853,-73.4258
45,Northwell Health — Katz Women's Hospital,Medical,New Hyde Park,False,,Katz Women's Hospital,1.0,1365,amenity=hospital,,,,,,True,1308,,
46,2 Jericho Plaza,Office,Jericho,True,osm,2 Jericho Plaza,1.0,10,building=commercial,,,,,,True,216,,
47,3 Jericho Plaza,Office,Jericho,False,,1 Jericho Plaza,1.0,117,building=yes,,,,,,True,8,,
48,333 Earle Ovington Blvd,Office,Uniondale,True,fsq,,,,,,,,333 Earle Ovington Blvd.,355,True,582,40.72491,-73.593687
49,100 Garden City Plaza,Office,Garden City,False,,Garden City Food,0.67,1520,shop=supermarket,,,,,,True,3937,,
50,900 Stewart Ave,Office,Garden City,True,fsq,877 Stewart Ave,0.67,332,building=commercial,900 Stewart Avenue,"building in Ithaca, New York",307160,900 Stewart Ave. Atrium,40,True,127,,
51,585 Stewart Ave,Office,Garden City,True,osm,585 Stewart AVenue,0.67,0,building=office,,,,,,True,143,,
52,175 Broadhollow Rd,Office,Melville,True,fsq,,,,,,,,175 Broadhollow Road,60,False,,,
53,1010 Northern Blvd,Office,Great Neck,True,fsq,,,,,,,,1010 Northern Blvd,30,True,174,,
54,Jericho Atrium,Office,Jericho,False,,Jericho Fire Department,0.5,341,amenity=fire_station,,,,,,False,,,
55,Henry Schein HQ,Office,Melville,True,fsq,,,,,,,,Henry Schein,332,True,585,40.768675,-73.415633
56,CA Technologies Campus,Office,Islandia,False,,,,,,,,,,,False,,,
57,Canon USA HQ,Office,Melville,False,,"Canon USA, Inc.",1.0,1754,building=commercial,,,,,,False,,,
58,Broadridge Financial Solutions HQ,Office,Lake Success,True,fsq,CMIT Solutions of North Nassau,0.33,1749,office=it,,,,Broadridge Financial Solutions,9,True,239,,
59,Pall Corporation HQ,Office,Port Washington,True,osm,Pall Corporation,1.0,0,office=company,,,,,,True,158,,
60,300 Motor Pkwy,Office,Hauppauge,False,,Olympic Motor Lodge,0.33,290,tourism=motel,,,,,,False,,,
61,Newsday Building,Office,Melville,False,,Building 18,1.0,535,building=apartments,,,,,,True,1714,,
62,1111 Marcus Ave,Office,Lake Success,True,fsq,2500 Marcus Ave,0.67,369,building=commercial,,,,1111 Marcus Avenue,92,True,330,,
63,400 Crossways Park Dr,Office,Woodbury,True,osm,400 Crossways Park Drive,1.0,0,building=commercial,,,,,,True,83,,
64,Altice USA HQ,Office,Bethpage,False,,,,,,,,,,,True,292,,
65,Northwell Health HQ,Office,New Hyde Park,False,,Northwell Health Imaging,1.0,336,amenity=clinic,,,,,,True,210,,
66,400 Post Ave,Office,Westbury,False,,Westbury Post Office,0.33,792,amenity=post_office,,,,,,True,42,,
67,445 Broadhollow Rd,Office,Melville,True,fsq,,,,,,,,445 Broadhollow Road,58,False,,,
68,Long Island State Office Building,Office,Hauppauge,False,,Duryea State Office Building,0.75,938,building=public,,,,,,False,,,
69,800 Community Dr,Office,Manhasset,False,,Community Drive Medical Center,0.5,302,building=commercial,,,,,,True,674,,
70,1000 Woodbury Rd,Office,Woodbury,True,fsq,Woodbury Substation,0.5,243,feature,,,,1000 Woodbury Road,8,False,,,
71,500 Bi-County Blvd,Office,Farmingdale,False,,10 Alen Blvd,0.5,1505,building=commercial,,,,,,True,387,,
72,200 Motor Pkwy,Office,Hauppauge,False,,Olympic Motor Lodge,0.33,755,tourism=motel,,,,,,True,491,,
73,Sheraton Long Island Hotel,Hotel,Smithtown,False,,A Long Island Bankruptcy Lawyer,0.5,596,office=lawyer,,,,,,False,,,
74,Hyatt Regency Long Island,Hotel,Hauppauge,True,osm,Hyatt Regency Long Island,1.0,22,tourism=hotel,,,,,,True,487,,
75,The Allegria Hotel,Hotel,Long Beach,True,osm,Allegria Hotel,1.0,544,tourism=hotel,,,,,,True,504,40.5843,-73.666412
76,Gurney's Montauk Resort & Seawater Spa,Hotel,Montauk,True,osm,Gurney's Inn Resort and Spa,0.6,207,tourism=hotel,Gurney's Montauk Resort & Seawater Spa,"hotel in Montauk, United States",81,,,True,141,41.015123,-71.993171
77,Hampton Inn Long Island Commack,Hotel,Commack,True,osm,Hampton Inn Long Island/Commack,1.0,8,tourism=hotel,,,,,,False,,,
78,Hilton Garden Inn Roslyn,Hotel,Roslyn,True,osm,Hilton Garden Inn - Roslyn,1.0,1135,tourism=hotel,,,,,,False,,40.808343,-73.657415
79,Marriott Residence Inn Melville,Hotel,Melville,False,,Marriott Melville Long Island,0.5,1357,tourism=hotel,,,,,,False,,,
80,Courtyard Marriott Garden City,Hotel,Garden City,False,,Courtyard,1.0,1745,tourism=hotel,,,,,,True,65,,
81,Marriott Residence Inn Plainview,Hotel,Plainview,False,,The Residence at Plainview,0.67,35,amenity=social_facility,,,,,,True,150,,
82,Hampton Inn Garden City,Hotel,Garden City,False,,Garden City,1.0,1557,building=train_station,,,,,,True,8,,
83,Hyatt House Hauppauge,Hotel,Hauppauge,False,,Hauppauge Youth Organization Baseball Fields,0.33,1675,leisure=park,,,,,,False,,,
84,Holiday Inn Express Hauppauge,Hotel,Hauppauge,False,,Holiday Inn Express,1.0,2291,tourism=hotel,,,,,,False,,,
85,Marriott Courtyard Ronkonkoma,Hotel,Ronkonkoma,False,,Ronkonkoma,1.0,903,building=train_station,,,,,,False,,,
86,Marriott Residence Inn Islandia,Hotel,Islandia,False,,Village of Islandia,0.5,2290,office=government,,,,,,True,2405,,
87,Homewood Suites Melville,Hotel,Melville,False,,Melville Deli,0.5,2496,amenity=fast_food,,,,,,False,,,
88,The Menhaden Hotel,Hotel,Greenport,True,osm,The Menhaden,1.0,291,tourism=hotel,,,,,,True,302,41.101577,-72.362572
89,Marriott Courtyard Uniondale,Hotel,Uniondale,False,,Courtyard,1.0,2396,tourism=hotel,,,,,,False,,,
90,SUNY Old Westbury — Campus Center,Education,Old Westbury,True,osm,Campus Center,1.0,46,building=university,,,,,,True,2133,,
91,Farmingdale State College — Gleeson Hall,Education,Farmingdale,True,osm,Gleeson Hall,1.0,382,building=university,,,,,,True,891,40.75301,-73.428617
92,Nassau Community College — Library,Education,Garden City,False,,Nassau Community College,1.0,761,amenity=college,,,,,,False,,,
93,LIU Post — Hillwood Commons,Education,Brookville,False,,Hillwood Commons,1.0,864,building=university,,,,,,True,1183,,
94,NYIT — de Seversky Mansion,Education,Old Westbury,False,,,,,,,,,,,False,,,
95,Touro Law Center,Education,Central Islip,True,osm,Touro Law School,0.67,41,amenity=college,Touro Law Center,"law school in Central Islip on Long Island, New York, USA",9,,,True,195,,
96,Molloy University — Public Square,Education,Rockville Centre,True,osm,Molloy University,1.0,102,amenity=university,,,,,,True,194,,
97,St. Joseph's University — Callahan Library,Education,Patchogue,True,osm,Callahan Library,1.0,75,amenity=library,,,,,,True,137,,
98,Stony Brook University — Wang Center,Education,Stony Brook,True,osm,Wang Center,1.0,547,amenity=bicycle_rental,,,,,,False,,40.91645,-73.118244
99,Stony Brook University — Administration,Education,Stony Brook,True,osm,Administration,1.0,149,building=university,,,,,,True,513,,
100,Hofstra University — Student Center,Education,Hempstead,True,osm,Hofstra University,1.0,69,amenity=university,,,,,,False,,,
101,Five Towns College,Education,Dix Hills,True,osm,Five Towns College,1.0,71,amenity=university,,,,,,False,,,
102,Nassau County Courthouse,Government,Mineola,True,osm,Nassau County Courthouse,1.0,349,amenity=courthouse,,,,,,True,150,40.7388,-73.634356
103,Nassau County Administrative Building,Government,Mineola,False,,Building F,1.0,2273,building=commercial,,,,,,True,3232,,
104,Suffolk County Courthouse,Government,Riverhead,False,,Suffolk County Supreme Court House Annex,0.67,435,amenity=courthouse,Suffolk County Courthouse,"county courthouse in Massachusetts, United States of America",208337,,,False,,,
105,US Federal Building & Courthouse,Government,Central Islip,False,,Alfonse D'Amato United States Courthouse for the Eastern District of New York,0.33,1,amenity=courthouse,,,,,,False,,,
106,Suffolk County Legislative Building,Government,Hauppauge,False,,Suffolk County Police 4th Precinct,0.5,184,amenity=police,,,,,,False,,,
107,Nassau County Police Headquarters,Government,Mineola,False,,Nassau County Courthouse,0.67,764,amenity=courthouse,,,,,,True,1058,,
108,IRS Service Center Holtsville,Government,Holtsville,False,,Holtsville MGU,0.5,1953,feature,,,,,,True,994,,
109,Nassau County District Court,Government,Hempstead,True,osm,Nassau County District Court,1.0,403,office=government,,,,,,False,,40.707379,-73.623207
110,Long Island Federal Courthouse,Government,Central Islip,False,,Long Island,1.0,2320,tourism=artwork,,,,,,True,2903,,
111,Brookhaven Town Hall,Government,Farmingville,False,,Town Hall Level 12,0.67,27,amenity=townhall,,,,,,True,207,,
112,Hempstead Town Hall,Government,Hempstead,True,osm,Town of Hempstead,1.0,150,office=government,,,,,,True,1390,,
113,Suffolk County Family Court,Government,Central Islip,True,osm,Suffolk County District Court,0.75,61,amenity=police,,,,,,True,2254,,
114,Oceanic Tower,Residential,Long Beach,False,,,,,,,,,,,True,924,,
115,Long Beach Towers North,Residential,Long Beach,False,,Sobi Long Beach,0.67,626,amenity=bicycle_rental,,,,,,True,8,,
116,Long Beach Towers South,Residential,Long Beach,False,,Mount Sinai South Nassau - Off-Campus Emergency Department at Long Beach,0.75,1672,amenity=clinic,,,,,,True,24,,
117,Bayview Tower,Residential,Great Neck,False,,Great Neck WPCD – Bayview Avenue Pump Station,0.5,1181,feature,,,,,,True,23,,
118,Great Neck Plaza Apartments,Residential,Great Neck,False,,Village of Great Neck Plaza,0.75,249,office=government,,,,,,False,,,
119,Parkwood Apartments,Residential,New Hyde Park,False,,,,,,,,,,,True,546,,
120,The Sutton at Rockville Centre,Residential,Rockville Centre,False,,Diocese of Rockville Centre,0.67,229,office=religion,,,,,,True,4,,
121,Sunrise Towers,Residential,Valley Stream,False,,Sunrise,1.0,1079,amenity=fast_food,,,,,,False,,,
122,Port Washington Towers,Residential,Port Washington,False,,Chabad of Port Washington,0.67,149,amenity=place_of_worship,,,,,,True,28,,
123,Mill Creek at Mineola,Residential,Mineola,False,,Mineola,1.0,939,building=train_station,,,,,,True,828,,
124,Huntington Public Library,Library,Huntington,True,osm,Huntington Public Library,1.0,160,amenity=library,,,,,,True,186,,
125,Port Washington Public Library,Library,Port Washington,True,osm,Port Washington Public Library,1.0,603,amenity=library,,,,,,False,,40.831941,-73.696833
126,Half Hollow Hills Community Library,Library,Dix Hills,False,,Half Hollow Hills Public Library,0.8,2326,amenity=library,Half Hollow Hills Community Library,"public library in Dix Hills, New York, USA",2303,,,False,,,
127,Middle Country Public Library,Library,Centereach,True,osm,Middle Country Public Library (Centereach),1.0,3,amenity=library,,,,,,True,57,,
128,Sachem Public Library,Library,Holbrook,True,osm,Sachem Public Library,1.0,33,amenity=library,,,,,,True,79,,
129,Long Island MacArthur Airport Terminal,Transit,Ronkonkoma,True,osm,Long Island MacArthur Airport,1.0,185,aeroway=aerodrome,,,,,,True,1482,40.795948,-73.100303
130,MacArthur Airport Parking Garage,Transit,Ronkonkoma,True,osm,Long Island MacArthur Airport,0.5,58,aeroway=aerodrome,,,,,,True,3061,,
131,Pilgrim Psychiatric Center,Medical,Brentwood,True,osm,Pilgrim Psychiatric Center,1.0,33,amenity=hospital,,,,,,True,887,,
132,NYU Langone Orthopedic Hospital Syosset,Medical,Syosset,False,,Syosset Hospital,1.0,1634,amenity=hospital,,,,,,True,350,,
133,Northwell Health Physician Partners,Medical,Great Neck,False,,Northwell Health,1.0,582,amenity=doctors,,,,,,True,51,,
134,NYU Langone Medical Arts Huntington,Medical,Huntington Station,False,,Huntington,1.0,1166,building=train_station,,,,,,True,5305,,
135,Stony Brook Medicine Commack,Medical,Commack,False,,Commack Supercharger,0.5,2028,amenity=charging_station,,,,,,False,,,
136,Catholic Health Medical Arts West Islip,Medical,West Islip,False,,West Islip Orthodontists,0.67,611,amenity=doctors,,,,,,True,7596,,
137,Northwell Health Manhasset Medical Arts,Medical,Manhasset,False,,Northwell Health,1.0,1298,building=yes,,,,,,True,280,,
138,ProHEALTH Care New Hyde Park,Medical,New Hyde Park,False,,Welcome to New Hyde Park,0.75,1497,tourism=information,,,,,,True,60,,
139,Brunswick Medical Arts Building,Medical,Amityville,False,,Triangle Building,0.5,127,building=commercial,,,,,,True,666,,
140,Long Island Heart Associates Building,Medical,Mineola,False,,Building F,1.0,2124,building=commercial,,,,,,True,41,,
141,Sagamore Children's Psychiatric Center,Medical,Dix Hills,True,osm,Sagamore Children's Psychiatric Center,1.0,5,amenity=hospital,,,,,,True,1152,,
142,Northwell Health Cancer Institute,Medical,Lake Success,False,,Northwell Health,1.0,1257,building=yes,,,,,,True,245,,
143,Northwell Health Orthopedics Garden City,Medical,Garden City,False,,Garden City Bowl,0.67,386,feature,,,,,,True,101,,
144,NYU Langone — Lake Success Medical,Medical,Lake Success,False,,Lake Success Medical Building,0.75,2051,building=retail,,,,,,True,2498,,
145,Mercy Medical Center Medical Office Bldg,Medical,Rockville Centre,False,,Maple Medical Center,0.67,417,building=yes,,,,,,True,36,,
146,Northwell Imaging East Meadow,Medical,East Meadow,False,,Sunrise of East Meadow,0.67,1889,amenity=nursing_home,,,,,,True,480,,
147,Island Neurological Associates,Medical,Plainview,False,,Island Chiropractic,0.5,2290,healthcare=physiotherapist,,,,,,True,83,,
148,Northwell Imaging at Mineola,Medical,Mineola,False,,Mineola,1.0,766,building=train_station,,,,,,True,25,,
149,1601 Old Country Rd,Office,Plainview,False,,Trail View State Park - Old Country Road,0.67,660,tourism=information,,,,,,True,8,,
150,3000 Marcus Ave,Office,Lake Success,True,fsq,2800 Marcus Ave,0.67,108,building=commercial,,,,3000 Marcus Avenue,23,False,,,
151,400 Garden City Plaza,Office,Garden City,True,osm,400 Garden City Plaza,1.0,6,building=yes,,,,,,True,283,,
152,1000 Franklin Ave,Office,Garden City,True,fsq,Benjamin Franklin,0.5,2272,tourism=artwork,,,,1000 Franklin Ave,400,True,370,40.729828,-73.63617
153,135 Pinelawn Rd,Office,Melville,False,,,,,,,,,,,True,1964,,
154,560 Broadhollow Rd,Office,Melville,False,,,,,,,,,,,False,,,
155,1401 Franklin Ave,Office,Garden City,False,,Benjamin Franklin,0.5,1924,tourism=artwork,,,,,,True,36,,
156,350 Motor Pkwy,Office,Hauppauge,False,,Olympic Motor Lodge,0.33,396,tourism=motel,,,,,,True,482,,
157,50 Charles Lindbergh Blvd,Office,Uniondale,False,,Lindbergh’s Flight,0.5,626,feature,,,,,,False,,,
158,900 Merchants Concourse,Office,Westbury,True,fsq,,,,,,,,900 Merchants Concourse,6,True,355,,
159,290 Broadhollow Rd,Office,Melville,True,fsq,,,,,,,,290 broadhollow rd melville,77,False,,,
160,1 Symbol Plaza,Office,Holtsville,False,,,,,,,,,,,True,1782,,
161,3 Corporate Center Dr,Office,Bohemia,False,,Bohemia County Equestrian Center,0.5,831,building=yes,,,,,,True,2800,,
162,100 Marcus Blvd,Office,Hauppauge,False,,,,,,,,,,,True,84,,
163,150 Broadhollow Rd,Office,Melville,False,,,,,,,,,,,True,153,,
164,100 Jericho Quadrangle,Office,Jericho,False,,Marshalls Jericho,0.5,314,shop=department_store,,,,,,True,1599,,
165,200 Corporate Center Dr,Office,Islandia,False,,Sunburst Center,0.5,2226,building=yes,,,,,,True,2420,,
166,475 Wireless Blvd,Office,Hauppauge,False,,,,,,,,,,,True,124,,
167,100 Motor Pkwy,Office,Hauppauge,True,fsq,Olympic Motor Lodge,0.33,1889,tourism=motel,,,,100 Motor Parkway,11,False,,,
168,534 Broadhollow Rd,Office,Melville,True,fsq,,,,,,,,534 Broadhollow Rd,39,True,204,,
169,999 Stewart Ave,Office,Garden City,True,osm,999 Stewart Avenue,0.67,7,shop=storage_rental,,,,,,True,77,,
170,600 Old Country Rd,Office,Garden City,False,,One Old Country Road,0.67,2538,office=yes,,,,,,False,,,
171,38 Harbor Park Dr,Office,Port Washington,False,,Hempstead Harbor Shoreline Park,1.0,607,leisure=nature_reserve,,,,,,True,64,,
172,125 Froehlich Farm Blvd,Office,Woodbury,False,,Meyer's Farm,0.5,656,shop=farm,,,,,,True,95,,
173,100 Fulton Ave,Office,Hempstead,False,,Fulton Podiatry,0.5,75,amenity=doctors,,,,,,True,5,,
174,990 Stewart Ave,Office,Garden City,True,fsq,877 Stewart Ave,0.67,475,building=commercial,,,,990 Stewart Ave,4,True,197,,
175,50 Applied DNA Dr,Office,Stony Brook,False,,College of Engineering and Applied Sciences,0.5,1349,amenity=college,,,,,,True,8,,
176,3601 Broadhollow Rd,Office,Farmingdale,False,,1290 Broadhollow Road,0.5,1099,building=commercial,,,,,,False,,,
177,300 Garden City Plaza,Office,Garden City,True,osm,300 Garden City Plaza,1.0,3,building=yes,,,,,,True,275,,
178,100 Duffy Ave,Office,Hicksville,False,,40 Jerusalem Ave,0.5,373,building=retail,,,,,,True,405,,
179,Certilman Balin Adler & Hyman LLP,Legal,East Meadow,False,,,,,,,,,,,True,1866,,
180,Meltzer Lippe Goldstein & Breitstone LLP,Legal,Mineola,True,fsq,"Dalli & Marino, LLP",0.33,394,office=lawyer,,,,"Meltzer, Lippe, Goldstein & Breitstone, LLP",207,True,215,40.745942,-73.638865
181,Abrams Fensterman LLP,Legal,Lake Success,False,,,,,,,,,,,True,122,,
182,Bond Schoeneck & King PLLC,Legal,Garden City,True,fsq,Warren King Field,0.33,1742,leisure=stadium,,,,"Bond, Schoeneck & King",391,True,335,40.730202,-73.636313
185,Campolo Middleton & McCormick LLP,Legal,Ronkonkoma,True,fsq,,,,,,,,"Campolo, Middleton & McCormick",10,True,67,,
186,Hamburger Maxson Yaffe & McNally LLP,Legal,Melville,True,fsq,"Parker Waichman LLP, Personal Injury Accident Attorneys",0.2,1128,office=lawyer,,,,"Hamburger, Maxson, Yaffe & Nally Llp",12,False,,,
187,Farrell Fritz PC,Legal,Uniondale,True,fsq,,,,,,,,"Farrell Fritz, PC",708,False,,40.720161,-73.584366
188,Rivkin Radler LLP,Legal,Uniondale,False,,,,,,,,,,,False,,,
189,Ruskin Moscou Faltischek PC,Legal,Uniondale,True,fsq,,,,,,,,Ruskin Moscou Faltischek,697,False,,40.720241,-73.583639
190,Nixon Peabody LLP Long Island,Legal,Garden City,False,,Long Island Furniture,0.67,2369,shop=furniture,,,,,,True,826,,
191,Forchelli Deegan Terrana LLP,Legal,Uniondale,False,,,,,,,,,,,True,568,,
193,Goldberg Segalla LLP,Legal,Garden City,False,,IRA Goldberg O.D. Giant Optical,0.33,2167,healthcare=optometrist,,,,,,True,2305,,
194,Gurney's Star Island Resort,Hotel,Montauk,True,fsq,Block Island Ferry,0.33,784,amenity=ferry_terminal,,,,Gurney's Star Island Resort & Marina,54,True,195,,
195,The Southampton Inn,Hotel,Southampton,False,,Southampton Inn,1.0,672,building=apartments,,,,,,True,652,,
196,Topping Rose House,Hotel,Bridgehampton,True,osm,Topping Rose House,1.0,888,tourism=hotel,,,,,,True,874,40.938232,-72.300259
197,The Maidstone Hotel,Hotel,East Hampton,True,osm,The Maidstone,1.0,18,tourism=hotel,,,,,,True,61,,
198,Hampton Inn Farmingdale,Hotel,Farmingdale,False,,Farmingdale,1.0,967,building=train_station,,,,,,True,58,,
199,La Quinta Inn Hauppauge,Hotel,Hauppauge,False,,Central Islip - Hauppauge Volunteer Ambulance Corps,0.33,2066,building=commercial,,,,,,True,4928,,
200,Hampton Inn East End Riverhead,Hotel,Riverhead,False,,Riverhead,1.0,557,building=train_station,,,,,,True,7048,,
201,Marriott Residence Inn East End,Hotel,Riverhead,False,,Residence Inn,1.0,1222,tourism=hotel,,,,,,True,260,,
202,The Ram's Head Inn,Hotel,Shelter Island,False,,The Shipwreck,0.5,1336,amenity=bar,,,,,,True,3582,,
203,Sunset Beach Hotel,Hotel,Shelter Island,True,osm,Sunset Beach,1.0,2,amenity=restaurant,,,,,,True,147,,
204,Inn at Great Neck,Hotel,Great Neck,False,,Inn At Great Neck,1.0,1362,tourism=hotel,,,,,,True,1356,,
205,Marriott Courtyard Melville,Hotel,Melville,False,,,,,,,,,,,False,,,
206,Comfort Inn & Suites Port Jefferson,Hotel,Port Jefferson Station,False,,Port Jefferson,1.0,1474,building=train_station,,,,,,True,716,,
207,American Hotel Sag Harbor,Hotel,Sag Harbor,True,osm,American Hotel,1.0,255,tourism=hotel,,,,,,True,265,41.001173,-72.295107
208,Montauk Yacht Club,Hotel,Montauk,True,osm,Montauk Yacht Club,1.0,161,tourism=hotel,,,,,,True,418,41.07044,-71.933123
209,Cold Spring Harbor Laboratory,Education,Cold Spring Harbor,True,osm,Cold Spring Harbor Laboratory,1.0,518,amenity=research_institute,,,,,,True,1002,40.86236,-73.468226
210,Stony Brook University — Engineering Bldg,Education,Stony Brook,True,osm,Engineering,1.0,102,building=university,,,,,,False,,,
211,Stony Brook University — Life Sciences Bldg,Education,Stony Brook,True,osm,Life Sciences,1.0,396,amenity=bicycle_rental,,,,,,False,,40.911374,-73.120758
212,Hofstra University — Breslin Hall,Education,Hempstead,True,osm,Hofstra University,1.0,141,amenity=university,,,,,,False,,,
213,NYIT — Education Hall,Education,Old Westbury,False,,Westbury Village Hall,0.33,1110,amenity=townhall,,,,,,False,,,
214,Adelphi University — Earle Hall,Education,Garden City,True,osm,Adelphi University,1.0,75,amenity=university,,,,,,True,4191,,
215,Dowling College — Kramer Science Center,Education,Oakdale,False,,Kramer Science Center,1.0,1841,building=house,,,,,,False,,,
216,Stony Brook University — Javits Lecture Ctr,Education,Stony Brook,False,,Stony Brook University,1.0,718,amenity=university,,,,,,True,654,,
217,SUNY Farmingdale — Administration Bldg,Education,Farmingdale,False,,SUNY Farmingdale,1.0,476,feature,,,,,,True,873,,
218,Molloy University — Hagan Hall,Education,Rockville Centre,True,osm,Molloy University,1.0,129,amenity=university,,,,,,True,167,,
219,Islip Town Hall,Government,Islip,True,osm,Islip Town Hall,1.0,118,amenity=townhall,,,,,,True,84,,
220,North Hempstead Town Hall,Government,Manhasset,True,osm,North Hempstead Town Hall,1.0,4,amenity=townhall,,,,,,True,47,,
221,Glen Cove City Hall,Government,Glen Cove,False,,Glen Cove,1.0,608,building=train_station,,,,,,True,744,,
222,Huntington Town Hall,Government,Huntington,False,,Huntington Town Hall (historical),1.0,236,feature,,,,,,True,529,,
223,Long Beach City Hall,Government,Long Beach,False,,City of Long Beach,1.0,837,office=government,,,,,,True,817,,
224,East Hampton Town Hall,Government,East Hampton,True,osm,East Hampton Town Hall,1.0,0,amenity=townhall,,,,,,True,47,,
225,Southampton Town Hall,Government,Southampton,True,osm,Southampton Town Hall,1.0,607,amenity=townhall,,,,,,True,695,40.887364,-72.385285
226,Suffolk County Clerk Building,Government,Riverhead,False,,Suffolk County Jail,0.67,1049,amenity=prison,,,,,,True,912,,
227,Babylon Town Hall,Government,Lindenhurst,False,,Babylon Town Hall Park,1.0,2352,leisure=park,Babylon Town Hall,"historic building in Babylon, New York state, USA",5378,,,True,2188,,
228,Theodore Roosevelt Exec & Legislative Bldg,Government,Mineola,True,osm,Theodore Roosevelt,1.0,774,tourism=artwork,,,,,,True,764,40.7381,-73.639296
229,North Shore Towers,Residential,Floral Park,False,,North Shore Towers Building 2,1.0,1936,building=yes,North Shore Towers,"residential skyscrapers in Queens, New York",2010,,,False,,,
230,The Riviera at Long Beach,Residential,Long Beach,False,,Long Beach Taxi,0.67,210,amenity=taxi,,,,,,True,763,,
231,The Meridian at Mineola,Residential,Mineola,False,,Mineola,1.0,883,building=train_station,,,,,,True,701,,
232,Hempstead Towers,Residential,Hempstead,False,,Hempstead,1.0,690,building=train_station,,,,,,True,700,,
233,Roslyn Heights Apartments,Residential,Roslyn Heights,False,,Roslyn,1.0,180,building=train_station,,,,,,True,756,,
234,Lynbrook Gardens,Residential,Lynbrook,True,osm,Lynbrook Gardens,1.0,296,building=apartments,,,,,,True,189,40.658762,-73.673689
235,Great Neck South Apartments,Residential,Great Neck,False,,Inn at Great Neck,0.67,1340,tourism=hotel,,,,,,False,,,
236,Port Washington Waterfront Condos,Residential,Port Washington,False,,Port Washington Diner,0.67,932,amenity=restaurant,,,,,,True,478,,
237,Bay Shore Towers,Residential,Bay Shore,False,,Bay Shore,1.0,289,building=train_station,,,,,,True,610,,
238,Rockville Centre Residences,Residential,Rockville Centre,False,,Village of Rockville Centre Community Development / Building Department,0.67,108,office=government,,,,,,False,,,
239,Valley Stream Apartments,Residential,Valley Stream,False,,Valley Stream at Valley Stream,1.0,180,feature,,,,,,True,513,,
240,Parkway Village Towers,Residential,New Hyde Park,False,,Village of New Hyde Park,0.33,1265,office=government,,,,,,True,2425,,
241,Sea Cliff Manor,Residential,Sea Cliff,False,,Sea Cliff Manor,1.0,1202,amenity=events_venue,,,,,,True,391,,
242,Floral Park Towers,Residential,Floral Park,False,,Floral Park,1.0,581,public_transport=stop_area,,,,,,True,576,,
243,Baldwin Harbor Apartments,Residential,Baldwin,False,,NICE n35 Baldwin Harbor --> Westbury,0.67,7174,feature,,,,,,True,4,,
244,Smithtown Library,Library,Smithtown,True,osm,The Smithtown Library - Main Branch,1.0,1,amenity=library,,,,,,False,,,
245,Hauppauge Public Library,Library,Hauppauge,False,,Hauppauge Fire Department Station 1,0.33,803,amenity=fire_station,Hauppauge Public Library,"public library in Hauppauge, New York, USA",2630,,,False,,,
246,Brentwood Public Library,Library,Brentwood,False,,Brentwood,1.0,544,building=train_station,,,,,,True,551,,
247,Great Neck Library — Main Branch,Library,Great Neck,True,osm,Great Neck Public Library – Main Branch,1.0,5,amenity=library,,,,,,True,196,,
248,Babylon Public Library,Library,Babylon,True,osm,Babylon Public Library,1.0,846,amenity=library,,,,,,True,293,40.695004,-73.325992
249,Ronkonkoma LIRR Station & Garage,Transit,Ronkonkoma,False,,Ronkonkoma,1.0,440,building=train_station,,,,,,False,,,
250,Mineola LIRR Intermodal Center,Transit,Mineola,False,,Mineola,1.0,616,building=train_station,,,,,,True,711,,
251,Broadway Commons,Mall,Hicksville,True,osm,Broadway Mall,0.5,264,shop=mall,,,,,,False,,40.773331,-73.531651
252,The Source Mall,Mall,Westbury,False,,The Bedroom Source,0.67,2017,shop=furniture,,,,,,False,,,
253,The Paramount Huntington,Entertainment,Huntington,True,osm,The Paramount,1.0,57,amenity=theatre,,,,,,True,29,,
254,Tilles Center for the Performing Arts,Entertainment,Brookville,True,osm,Tilles Center For The Performing Arts,1.0,849,amenity=arts_centre,,,,,,True,1197,40.817279,-73.597472
255,Long Island Aquarium,Entertainment,Riverhead,True,osm,Long Island Aquarium and Exhibition Center,1.0,358,tourism=theme_park,,,,,,True,432,40.917919,-72.656195
256,Nassau Coliseum,Entertainment,Uniondale,True,osm,Nassau Veterans Memorial Coliseum,1.0,43,leisure=stadium,,,,,,False,,,
257,Long Island Children's Museum,Entertainment,Garden City,True,osm,Long Island Children Museum,1.0,971,tourism=museum,,,,,,True,868,40.72795,-73.600355
258,Hofstra University Arena,Entertainment,Hempstead,False,,Hofstra University,1.0,408,amenity=university,,,,,,False,,,
259,Stony Brook University Sports Complex,Entertainment,Stony Brook,True,osm,Sports Complex,1.0,671,building=university,,,,,,False,,40.917344,-73.124727
260,NYCB Theatre at Westbury,Entertainment,Westbury,False,,Westbury,1.0,1232,building=train_station,,,,,,False,,,
261,Parker Jewish Institute,Residential,New Hyde Park,False,,Parker Jewish Institute for Health Care and Rehabilitation,1.0,1559,amenity=social_facility,,,,,,True,1377,,
262,Gurwin Jewish Nursing & Rehab Center,Residential,Commack,True,osm,Gurwin Jewish Nursing & Rehabilitation Center,0.8,52,amenity=social_facility,,,,,,True,99,,
263,Peconic Landing at Southold,Residential,Greenport,True,osm,Peconic Landing,1.0,83,building=public,,,,,,True,350,,
264,The Bristal at Westbury,Residential,Westbury,True,osm,The Bristal Assisted Living at Westbury,1.0,150,amenity=social_facility,,,,,,True,383,,
265,The Bristal at North Hills,Residential,North Hills,False,,The Bristal Assisted Living at North Hills,1.0,711,amenity=social_facility,,,,,,False,,,
266,Atria Woodbury,Residential,Woodbury,False,,Woodbury House Carriage House,0.5,399,building=garage,,,,,,True,8,,
267,Sunrise Senior Living Garden City,Residential,Garden City,False,,Garden City,1.0,387,building=train_station,,,,,,False,,,
268,The Bristal at East Northport,Residential,East Northport,False,,Atria East Northport,0.67,2086,amenity=social_facility,,,,,,False,,,
269,Glengariff Healthcare Center,Residential,Glen Cove,True,osm,Glengariff Healthcare Center,1.0,22,amenity=social_facility,,,,,,True,530,,
270,Sunrise at East Meadow,Residential,East Meadow,False,,East Meadow Jewish Center,0.67,1369,amenity=place_of_worship,,,,,,False,,,
271,The Vanderbilt at Plainview,Residential,Plainview,False,,The Residence at Plainview,0.67,1058,amenity=social_facility,,,,,,True,603,,
272,Meadowbrook Pointe,Residential,Westbury,False,,Meadowbrook Hospital Substation,0.5,2463,feature,,,,,,False,,,
273,Glen Cove Senior Towers,Residential,Glen Cove,False,,Glen Cove,1.0,1033,building=train_station,,,,,,True,927,,
274,Garden City Towers,Residential,Garden City,False,,Garden City,1.0,1344,building=train_station,,,,,,True,82,,
275,Oceanview Towers,Residential,Long Beach,False,,Granada Towers,0.5,526,building=apartments,,,,,,True,720,,
276,Neptune Towers,Residential,Long Beach,False,,Granada Towers,0.5,454,building=apartments,,,,,,True,806,,
277,Searingtown Apartments,Residential,Albertson,False,,Searingtown Pond Park,0.5,586,leisure=park,,,,,,False,,,
278,Hewlett House Apartments,Residential,Hewlett,False,,Hewlett House of Tires,0.67,701,shop=tyres,,,,,,False,,,
279,Lawrence Towers,Residential,Lawrence,False,,Lawrence,1.0,961,building=train_station,,,,,,False,,,
280,Port Jefferson Towers,Residential,Port Jefferson,False,,Port Jefferson,1.0,2057,building=train_station,,,,,,False,,,
281,Massapequa Towers,Residential,Massapequa,False,,Massapequa Fire Department,0.5,185,building=construction,,,,,,True,38,,
282,Roslyn Harbor Condos,Residential,Roslyn,False,,Roslyn,1.0,965,building=train_station,,,,,,True,139,,
283,The Terrace at Westbury,Residential,Westbury,False,,Westbury,1.0,273,building=train_station,,,,,,True,702,,
289,Kings Park Senior Apartments,Residential,Kings Park,False,,Kings Park Memorial Park,0.67,610,leisure=park,,,,,,True,3,,
295,Baron's Cove Hotel,Hotel,Sag Harbor,True,fsq,American Hotel,0.5,402,tourism=hotel,,,,Baron's Cove,132,True,101,,
298,Four Points by Sheraton Melville,Hotel,Melville,False,,Lower Melville Church,0.33,1610,amenity=place_of_worship,,,,,,False,,,
299,Springhill Suites Garden City,Hotel,Garden City,False,,Garden City,1.0,1837,building=train_station,,,,,,True,33,,
300,TownePlace Suites Hauppauge,Hotel,Hauppauge,False,,Hauppauge Youth Organization Baseball Fields,0.33,1641,leisure=park,,,,,,False,,,
301,Hampton Inn & Suites Bethpage,Hotel,Bethpage,False,,Bethpage Water,0.5,1242,feature,,,,,,False,,,
302,Holiday Inn Westbury,Hotel,Carle Place,True,osm,Holiday Inn,1.0,14,tourism=hotel,,,,,,True,81,,
303,Courtyard by Marriott Plainview,Hotel,Plainview,False,,WPOB-FM (Plainview),0.5,419,feature,,,,,,True,96,,
304,Marriott Courtyard Hauppauge,Hotel,Ronkonkoma,False,,Courtyard Long Island MacArthur Airport,0.33,1648,tourism=hotel,,,,,,False,,,
305,North Fork Table & Inn,Hotel,Southold,True,osm,North Fork Table & Inn,1.0,1126,tourism=hotel,,,,,,True,1115,41.068137,-72.417179
307,Dune Deck Hotel Westhampton,Hotel,Westhampton Beach,False,,Hotel Swordfish,0.5,1522,building=hotel,,,,,,True,19,,
309,Canoe Place Inn,Hotel,Hampton Bays,False,,Canoe Place,1.0,839,tourism=hotel,,,,,,True,1342,,
311,1 Expressway Plaza,Office,Roslyn Heights,False,,Bryant Plaza,0.5,616,building=apartments,,,,,,True,15347,,
312,2 Expressway Plaza,Office,Roslyn Heights,False,,Bryant Plaza,0.5,604,building=apartments,,,,,,True,15390,,
313,585 Broadhollow Rd,Office,Melville,False,,,,,,,,,,,False,,,
314,1501 Franklin Ave,Office,Garden City,False,,Benjamin Franklin,0.5,1930,tourism=artwork,,,,,,False,,,
315,North Hills Executive Park,Office,North Hills,False,,Manor Park,0.5,362,leisure=park,,,,,,True,1849,,
316,800 Woodbury Rd,Office,Woodbury,False,,Woodbury Substation,0.5,464,feature,,,,,,False,,,
317,600 Community Dr,Office,Manhasset,False,,Community Drive Medical Center,0.5,154,building=commercial,,,,,,True,354,,
318,Syosset Corporate Center,Office,Syosset,False,,K9 Resort - Syosset,0.5,805,building=commercial,,,,,,True,48,,
319,195 Crossways Park Dr,Office,Woodbury,False,,211 Crossways Park Drive,0.67,38,building=commercial,,,,,,True,5,,
320,Lakeville Road Executive Park,Office,Lake Success,False,,Lakeville Stationery,0.5,704,shop=convenience,,,,,,True,135,,
321,1025 Old Country Rd,Office,Westbury,False,,Old Country Road School,0.67,1647,amenity=school,,,,,,True,44,,
322,600 Veterans Memorial Hwy,Office,Hauppauge,False,,Bill Richards Memorial Park,0.25,1643,leisure=nature_reserve,,,,,,False,,,
323,Carle Place Office Park,Office,Carle Place,False,,Carle Place American Legion Memorial Park,0.75,579,leisure=park,,,,,,False,,,
324,200 Rabro Dr,Office,Hauppauge,False,,,,,,,,,,,True,8,,
325,1305 Walt Whitman Rd,Office,Melville,False,,Walt Whitman Trail,0.67,2743,feature,,,,,,True,207,,
326,East Setauket Corporate Park,Office,East Setauket,False,,R&D Park Shuttle,0.5,255,feature,,,,,,True,608,,
327,60 Harbor Park Dr,Office,Port Washington,False,,Hempstead Harbor Shoreline Park,1.0,457,leisure=nature_reserve,,,,,,True,6,,
328,4 Dakota Dr,Office,Lake Success,False,,3 Dakota Driv,1.0,216,building=commercial,,,,,,False,,,
329,200 Broadhollow Rd,Office,Melville,False,,,,,,,,,,,False,,,
330,375 Wireless Blvd,Office,Hauppauge,False,,,,,,,,,,,True,136,,
331,700 Old Country Rd,Office,Plainview,True,fsq,Old Country Animal Clinic,0.67,146,amenity=veterinary,,,,700 Old Country Rd.  11803,23,True,120,,
332,1 Astoria Blvd,Office,Bohemia,False,,,,,,,,,,,False,,,
334,125 Half Hollow Rd,Office,Deer Park,False,,,,,,,,,,,True,752,,
335,1100 Old Country Rd,Office,Plainview,False,,Trail View State Park - Old Country Road,0.67,942,tourism=information,,,,,,True,163,,
337,Long Island Technology Campus,Office,Hauppauge,False,,Residence Inn Long Island Hauppauge/Islandia,0.5,343,tourism=hotel,,,,,,False,,,
338,95 Sunnyside Blvd,Office,Woodbury,False,,,,,,,,,,,False,,,
341,Northwell Robotic Surgery Center Manhasset,Medical,Manhasset,False,,Northwell Health,0.5,1471,building=yes,,,,,,True,390,,
342,Northwell Health Cancer Institute Lake Success,Medical,Lake Success,False,,Northwell Health,1.0,1453,building=yes,,,,,,True,7,,
343,Catholic Health Physician Partners Merrick,Medical,Merrick,False,,Merrick Veterans Memorial Park,0.25,1731,leisure=park,,,,,,True,1810,,
344,TLC Health Network,Medical,Amityville,False,,Long Island Power Network,0.33,42345,feature,,,,,,False,,,
345,NYU Langone Medical Commack,Medical,Commack,False,,Commack Cemetery,0.5,736,feature,,,,,,True,798,,
346,New York Spine Institute,Medical,Westbury,False,,New York TRACON,0.67,1882,office=government,,,,,,True,509,,
347,Northwell Health Dermatology Garden City,Medical,Garden City,False,,Garden City,1.0,717,building=train_station,,,,,,True,312,,
348,South Shore University Hospital Cancer Ctr,Medical,Bay Shore,False,,Westfield South Shore,0.67,1647,shop=mall,,,,,,True,68,,
349,Northwell Behavioral Health Manhasset,Medical,Manhasset,False,,Northwell Health,1.0,1416,building=yes,,,,,,True,229,,
350,St. Catherine Satellite Hauppauge,Medical,Hauppauge,False,,Hauppauge Substation,0.5,2519,feature,,,,,,False,,,
351,Stony Brook Cardiology Smithtown,Medical,Smithtown,False,,Smithtown Viaduct,0.5,633,feature,,,,,,True,290,,
353,CareMount Medical Great Neck,Medical,Great Neck,False,,Great Neck Diner,0.67,107,amenity=restaurant,,,,,,True,8,,
354,Long Island Spine Specialists,Medical,Greenlawn,False,,Long Island Power Network,0.5,34015,feature,,,,,,False,,,
356,South Shore Neurologic Associates,Medical,Patchogue,False,,Shore to Shore Cleaning,0.5,1131,feature,,,,,,True,8,,
360,Northwell Health Ophthalmology Great Neck,Medical,Great Neck,True,osm,Northwell Health,1.0,146,amenity=doctors,,,,,,True,86,,
361,Smithtown Town Hall,Government,Smithtown,False,,Town of Smithtown,1.0,481,office=government,,,,,,True,439,,
362,Riverhead Town Hall,Government,Riverhead,True,osm,Riverhead Town Hall,1.0,286,amenity=townhall,,,,,,True,835,40.918873,-72.663984
363,Oyster Bay Town Hall,Government,Oyster Bay,False,,Town of Oyster Bay Town Hall East Building,1.0,564,amenity=townhall,,,,,,True,549,,
364,Nassau County Health Department,Government,Uniondale,False,,Nassau County Probation Department,0.75,895,office=government,,,,,,False,,,
365,Nassau County Corrections HQ,Government,East Meadow,False,,Nassau County Sheriff's Department,0.67,578,amenity=police,,,,,,True,364,,
366,Village of Freeport Municipal Center,Government,Freeport,False,,Village of Freeport,1.0,333,office=government,,,,,,True,415,,
370,Suffolk County Traffic & Parking Violations,Government,Hauppauge,False,,Suffolk County Police Headquarters,0.5,0,amenity=police,,,,,,True,204,,
371,Stony Brook University — Social & Behavioral Sciences,Education,Stony Brook,False,,Stony Brook University,1.0,634,amenity=university,,,,,,True,586,,
372,Stony Brook University — Harriman Hall,Education,Stony Brook,True,osm,Harriman Hall,1.0,211,building=university,,,,,,False,,40.915748,-73.125073
374,Hofstra University — Law School,Education,Hempstead,False,,Hofstra University,1.0,194,amenity=university,,,,,,False,,,
375,Adelphi University — Nexus Building,Education,Garden City,True,osm,Adelphi University,1.0,99,amenity=university,,,,,,True,4198,,
376,Touro College of Osteopathic Medicine,Education,Central Islip,False,,Touro Law School,0.33,2111,building=yes,Touro College of Osteopathic Medicine,American medical school,63535,,,False,,,
377,Nassau BOCES Administrative Center,Education,Garden City,True,osm,Nassau Boces,1.0,68,building=school,,,,,,True,221,,
378,Western Suffolk BOCES,Education,Dix Hills,False,,SCT Suffolk Clipper,0.33,11679,feature,,,,,,True,2593,,
379,Dowling College — Oakdale Campus,Education,Oakdale,False,,Oakdale,1.0,1387,building=train_station,,,,,,True,103,,
381,Life Time Fitness Syosset,Entertainment,Syosset,False,,Life Time,1.0,965,leisure=fitness_centre,,,,,,True,10,,
382,Life Time Fitness Commack,Entertainment,Commack,False,,LA Fitness,1.0,934,leisure=fitness_centre,,,,,,False,,,
383,Cradle of Aviation Museum,Entertainment,Garden City,True,osm,Cradle of Aviation Museum,1.0,786,tourism=museum,,,,,,True,787,40.728347,-73.597478
384,Parrish Art Museum,Entertainment,Water Mill,True,osm,Parrish Art Museum,1.0,12,tourism=museum,,,,,,True,272,,
385,Vanderbilt Museum — Hall of Fishes,Entertainment,Centerport,True,osm,Suffolk County Vanderbilt Museum,0.5,646,building=museum,,,,,,True,810,40.906475,-73.368774
388,The Space at Westbury,Entertainment,Westbury,False,,Westbury,1.0,11,building=train_station,,,,,,True,513,,
389,Patchogue Theatre for the Performing Arts,Entertainment,Patchogue,True,fsq,Patchogue,1.0,414,building=train_station,,,,Patchogue Theatre for the Performing Arts,190,True,260,40.766025,-73.013459
391,Freeport YMCA,Community,Freeport,False,,Freeport Fire Department,0.5,33,amenity=fire_station,,,,,,True,458,,
392,Huntington YMCA,Community,Huntington,True,osm,Huntington YMCA,1.0,1075,leisure=park,,,,,,False,,40.874378,-73.416159
393,Hempstead YMCA,Community,Hempstead,False,,Hempstead,1.0,790,building=train_station,,,,,,True,595,,
394,Glen Cove YMCA,Community,Glen Cove,False,,Glen Cove,1.0,2176,building=train_station,,,,,,True,5,,
395,Westbury YMCA,Community,Westbury,False,,Westbury,1.0,254,building=train_station,,,,,,True,152,,
396,Port Washington YMCA,Community,Port Washington,False,,Port Washington Masjid,0.67,280,amenity=place_of_worship,,,,,,True,4,,
397,Patchogue YMCA,Community,Patchogue,False,,Patchogue,1.0,328,building=train_station,,,,,,True,981,,
398,Commack YMCA,Community,Commack,False,,The Smithtown Library - Commack Branch,0.5,462,amenity=library,,,,,,True,691,,
399,Brentwood YMCA,Community,Brentwood,False,,Brentwood,1.0,419,building=train_station,,,,,,False,,,
401,Bay Shore YMCA,Community,Bay Shore,False,,Bay Shore,1.0,737,building=train_station,,,,,,True,44,,
402,East Meadow YMCA,Community,East Meadow,False,,Stew Leonard's of East Meadow,0.67,191,shop=supermarket,,,,,,False,,,
403,Riverhead YMCA,Community,Riverhead,False,,Riverhead,1.0,598,building=train_station,,,,,,True,233,,
404,JCC Mid-Island,Community,Plainview,True,osm,Mid-Island Y JCC,1.0,620,amenity=community_centre,,,,,,True,719,40.779463,-73.467309
405,JCC of the Greater Five Towns,Community,Woodmere,False,,The G.O.A.T.,1.0,1405,amenity=restaurant,,,,,,False,,,
406,Sands Point Preserve — Hempstead House,Community,Sands Point,False,,Hempstead House,1.0,347,building=house,,,,,,False,,,
407,Huntington Arts Center,Community,Huntington,False,,Huntington Cinema Arts Center,1.0,1093,amenity=cinema,,,,,,True,310,,
409,Nassau County Museum of Art,Community,Roslyn Harbor,True,osm,Nassau County Museum of Art,1.0,1092,leisure=park,,,,,,True,716,40.810509,-73.640072
411,Mineola Medical Arts Building,Medical,Mineola,False,,Building F,1.0,1353,building=commercial,,,,,,False,,,
412,Rockville Centre Medical Arts,Medical,Rockville Centre,False,,Rockville Medical,1.0,1200,building=yes,,,,,,True,931,,
413,Massapequa Medical Center,Medical,Massapequa,False,,The Incorporated Village of Massapequa Park Community Center,0.67,368,amenity=community_centre,,,,,,False,,,
414,Bellmore Medical Arts,Medical,Bellmore,False,,Bellmore Substation,0.5,673,feature,,,,,,True,207,,
415,Merrick Medical Arts,Medical,Merrick,False,,Merrick Veterinary,0.5,595,amenity=veterinary,,,,,,True,1002,,
416,Wantagh Medical Center,Medical,Wantagh,False,,Framingdale Wantagh Jewish Center,0.67,1933,amenity=place_of_worship,,,,,,True,207,,
417,Lindenhurst Medical Arts,Medical,Lindenhurst,False,,Village of Lindenhurst,0.5,1733,office=government,,,,,,True,694,,
418,Deer Park Medical Center,Medical,Deer Park,False,,Deer Park Community Center,0.75,1657,amenity=community_centre,,,,,,True,4,,
419,Coram Medical Arts,Medical,Coram,False,,Coram Substation,0.5,1348,feature,,,,,,False,,,
420,Centereach Medical Center,Medical,Centereach,False,,Centereach Substation,0.5,507,feature,,,,,,True,4,,
421,Bohemia Medical Arts,Medical,Bohemia,False,,iFixScreens Bohemia,0.5,1846,shop=mobile_phone,,,,,,False,,,
422,Medford Medical Center,Medical,Medford,False,,Medford,1.0,704,building=train_station,,,,,,True,867,,
423,Setauket Medical Center,Medical,East Setauket,False,,Setauket Gulf,0.5,1206,amenity=fuel,,,,,,True,1402,,
424,Port Jefferson Medical Center,Medical,Port Jefferson,False,,Port Jefferson,1.0,1492,building=train_station,,,,,,False,,,
425,Oceanside Medical Arts,Medical,Oceanside,False,,Oceanside Schools,0.5,1091,amenity=school,,,,,,True,78,,
426,Hewlett Medical Center,Medical,Hewlett,False,,Islamic Center Of Five Towns Masjid Hewlett,0.67,1077,amenity=place_of_worship,,,,,,True,443,,
427,Valley Stream Medical Arts,Medical,Valley Stream,False,,Valley Stream at Valley Stream,1.0,241,feature,,,,,,False,,,
428,Elmont Medical Center,Medical,Elmont,False,,Linden Medical Center,0.67,1313,amenity=doctors,,,,,,True,5,,
429,Floral Park Medical Arts,Medical,Floral Park,False,,Floral Park,1.0,711,public_transport=stop_area,,,,,,True,668,,
430,Seaford Medical Arts,Medical,Seaford,False,,Bethpage Medical,0.5,2255,amenity=doctors,,,,,,True,717,,
432,Levittown Public Library,Library,Levittown,True,osm,Levittown Public Library,1.0,9,amenity=library,,,,,,True,46,,
436,Syosset Public Library,Library,Syosset,True,osm,Syosset Public Library,1.0,76,amenity=library,,,,,,True,4,,
437,Lindenhurst Memorial Library,Library,Lindenhurst,True,osm,Lindenhurst Memorial Library,1.0,3,amenity=library,,,,,,True,61,,
438,Bay Shore–Brightwaters Library,Library,Bay Shore,True,osm,Bay Shore - Brightwaters Public Library,1.0,353,amenity=library,,,,,,False,,40.713449,-73.257745
439,Patchogue–Medford Library,Library,Patchogue,True,osm,Patchogue - Medford Library,1.0,183,amenity=library,,,,,,True,168,40.765563,-73.013662
441,Comsewogue Public Library,Library,Port Jefferson Station,False,,Comsewogue Public Library Bike Borrow Program,1.0,956,amenity=bicycle_rental,,,,,,True,898,,
442,Commack Public Library,Library,Commack,True,osm,Commack Public Library,1.0,4,amenity=library,,,,,,True,115,,
443,North Babylon Public Library,Library,North Babylon,True,osm,North Babylon Public Library,1.0,693,amenity=library,,,,,,True,650,40.724722,-73.322222
444,Elmont Public Library,Library,Elmont,True,osm,Elmont Public Library,1.0,1013,amenity=library,,,,,,False,,40.707255,-73.704603
446,Rockville Centre Village Hall,Government,Rockville Centre,False,,Village of Rockville Centre,1.0,376,office=government,,,,,,True,579,,
447,Lynbrook Village Hall,Government,Lynbrook,True,osm,Lynbrook Village Hall,1.0,408,amenity=townhall,,,,,,True,404,40.657612,-73.675287
448,Mineola Village Hall,Government,Mineola,True,osm,Village of Mineola,1.0,94,office=government,,,,,,True,96,,
449,Garden City Village Hall,Government,Garden City,False,,Garden City,1.0,159,building=train_station,,,,,,True,680,,
450,Westbury Village Hall,Government,Westbury,False,,Westbury,1.0,151,building=train_station,,,,,,True,290,,
451,Babylon Village Hall,Government,Babylon,False,,Village of Babylon,1.0,511,office=government,,,,,,True,543,,
452,Amityville Village Hall,Government,Amityville,True,osm,Amityville Village Hall,1.0,236,building=commercial,,,,,,True,315,40.678722,-73.418295
453,Northport Village Hall,Government,Northport,False,,Village of Northport,1.0,499,office=government,,,,,,True,445,,
454,Patchogue Village Hall,Government,Patchogue,False,,Patchogue,1.0,304,building=train_station,,,,,,True,374,,
455,Farmingdale Village Hall,Government,Farmingdale,True,osm,Farmingdale Village Hall,1.0,164,amenity=townhall,,,,,,True,134,40.731112,-73.445143
456,Floral Park Village Hall,Government,Floral Park,False,,Floral Park,1.0,231,public_transport=stop_area,,,,,,True,284,,
457,New Hyde Park Village Hall,Government,New Hyde Park,True,osm,New Hyde Park Village Hall,1.0,735,amenity=townhall,,,,,,True,685,40.733089,-73.680528
458,Long Beach DMV Office,Government,Long Beach,False,,Long Beach Post Office,0.75,565,amenity=post_office,,,,,,True,35,,
459,Nassau County DMV Hempstead,Government,Hempstead,False,,Hempstead,1.0,860,building=train_station,,,,,,True,624,,
460,Massapequa Park Village Hall,Government,Massapequa Park,False,,Village of Massapequa Park,1.0,389,office=government,,,,,,True,414,,
461,300 Jericho Tpke,Office,Jericho,False,,2 Jericho Plaza,0.5,313,building=commercial,,,,,,True,460,,
462,2 Huntington Quadrangle,Office,Melville,True,fsq,Hilton Long Island/Huntington,0.5,1131,tourism=hotel,,,,2 Huntington Quadrangle,65,True,488,,
463,100 E Main St Smithtown,Office,Smithtown,False,,The Smithtown Library - Main Branch,0.67,1008,amenity=library,,,,,,True,649,,
464,Hauppauge Commerce Center,Office,Hauppauge,False,,Hauppauge Palace,0.5,1586,amenity=restaurant,,,,,,False,,,
465,300 Corporate Dr Bohemia,Office,Bohemia,False,,iFixScreens Bohemia,0.5,1942,shop=mobile_phone,,,,,,False,,,
466,New Hyde Park Office Park,Office,New Hyde Park,False,,New Hyde Park Main Post Office,1.0,2362,amenity=post_office,,,,,,True,298,,
467,155 Froehlich Farm Blvd,Office,Woodbury,False,,Meyer's Farm,0.5,732,shop=farm,,,,,,True,101,,
468,Valley Stream Business Center,Office,Valley Stream,False,,Valley Stream at Valley Stream,1.0,757,feature,,,,,,False,,,
469,33 Walt Whitman Rd,Office,Huntington Station,False,,Walt Whitman High School,1.0,960,amenity=school,,,,,,True,528,,
470,75 Maiden Ln Great Neck,Office,Great Neck,False,,Costello's Ace Hardware of Great Neck,0.67,259,shop=hardware,,,,,,False,,,
471,100 N Centre Ave,Office,Rockville Centre,False,,Centre Autobody,0.5,96,shop=car_repair,,,,,,True,152,,
472,50 Broadway Lynbrook,Office,Lynbrook,False,,On Broadway,1.0,2341,shop=hairdresser,,,,,,True,100,,
473,175 Pinelawn Rd,Office,Melville,False,,,,,,,,,,,True,2042,,
474,100 Merrick Rd,Office,Merrick,False,,Merrick Post Office,0.5,588,amenity=post_office,,,,,,False,,,
475,Bayberry Professional Center,Office,Woodbury,False,,Syosset-Woodbury Community Park Community Center,0.33,651,amenity=community_centre,,,,,,True,155,,
476,Long Island Museum of American Art,Entertainment,Stony Brook,False,,"Long Island Museum of American Art, History and Carriages",1.0,987,tourism=museum,,,,,,False,,,
482,Sunrise Highway Plaza,Mall,Merrick,False,,NICE n19 - Freeport --> Sunrise Mall,0.33,3830,feature,,,,,,True,700,,
483,Lake Success Shopping Center,Mall,Lake Success,True,wiki,Lake Success Jewish Center,0.75,1333,amenity=place_of_worship,Lake Success Shopping center,"shopping mall in North New Hyde Park, New York, United States",147,,,True,86,,
485,Stony Brook Medical Pavilion East,Medical,East Setauket,False,,Stony Brook Hospital,0.67,666,public_transport=stop_area,,,,,,False,,,
486,Plainview Commons Medical Center,Medical,Plainview,False,,Plainview Jewish Center,0.67,1463,amenity=place_of_worship,,,,,,True,121,,
487,Babylon Professional Center,Office,Babylon,False,,Babylon Village Chiropractic Center,0.67,585,healthcare=alternative,,,,,,True,516,,
488,Freeport Professional Building,Office,Freeport,False,,Village of Freeport,0.5,159,office=government,,,,,,True,959,,
489,Riverhead Professional Center,Office,Riverhead,False,,Riverhead,1.0,880,building=train_station,,,,,,True,923,,
491,Memorial Sloan Kettering Commack,Medical,Commack,True,fsq,Commack Supercharger,0.5,412,amenity=charging_station,,,,Memorial Sloan-Kettering Cancer Center At Commack,25,True,152,,
492,Stony Brook Southampton Hospital Outpatient,Medical,Southampton,False,,Southampton,1.0,1387,building=train_station,,,,,,True,51,,
493,NYU Langone East Hampton Medical,Medical,East Hampton,False,,East 3,1.0,949,feature,,,,,,True,3,,
494,Northwell Health Cardiology Carle Place,Medical,Carle Place,False,,Vinyards of Carle Place,0.67,510,shop=wine,,,,,,False,,,
495,North Shore LIJ Surgery Center Valley Stream,Medical,Valley Stream,False,,Valley Stream at Valley Stream,1.0,1919,feature,,,,,,True,3190,,
496,MultiCare Medical Group Babylon,Medical,Babylon,False,,Lily's Babylon,0.5,126,amenity=restaurant,,,,,,True,557,,
497,Long Island ENT Great Neck,Medical,Great Neck,False,,Great Neck Synagogue,0.67,630,amenity=place_of_worship,,,,,,True,2133,,
498,East Meadow Medical Center,Medical,East Meadow,False,,Medical Center,1.0,663,aeroway=helipad,,,,,,True,1000,,
499,New York Cancer & Blood Specialists Shirley,Medical,Shirley,False,,Shirley Feed,0.5,1044,shop=pet,,,,,,True,3686,,
500,Island Hospice & Healthcare,Medical,Hauppauge,False,,Long Island Developmental Disabilities Regional Office,0.33,2205,office=government,,,,,,False,,,
502,Stony Brook Cardiology Commack,Medical,Commack,False,,Commack Supercharger,0.5,2113,amenity=charging_station,,,,,,True,34,,
504,NYU Langone Obstetrics Garden City,Medical,Garden City,False,,Garden City,1.0,663,building=train_station,,,,,,True,374,,
505,Northwell Health Neuroscience Manhasset,Medical,Manhasset,False,,Northwell Health,1.0,1394,building=yes,,,,,,True,167,,
506,Catholic Health Physician Partners East Meadow,Medical,East Meadow,False,,Sunrise of East Meadow,0.67,1908,amenity=nursing_home,,,,,,True,542,,
507,Stony Brook Medicine Riverhead,Medical,Riverhead,False,,Riverhead,1.0,1225,building=train_station,,,,,,True,8,,
508,Northwell Pediatric Specialty Great Neck,Medical,Great Neck,False,,Great Neck Taxi,0.67,129,amenity=taxi,,,,,,True,53,,
509,CareMount Medical Melville,Medical,Melville,False,,Melville Mall,0.5,2299,building=retail,,,,,,False,,,
510,St. Francis Hospital Outpatient Greenvale,Medical,Greenvale,False,,Saint Francis Hospital,0.67,2586,amenity=hospital,,,,,,False,,,
511,New York Community Bancorp HQ,Financial,Hicksville,True,osm,New York Community Bank Plaza,0.75,447,building=commercial,,,,,,True,396,40.766451,-73.52842
512,Bethpage Federal Credit Union HQ,Financial,Bethpage,True,osm,Bethpage Federal Credit Union,1.0,300,office=financial,,,,,,True,160,40.761364,-73.499121
513,Teachers Federal Credit Union HQ,Financial,Hauppauge,False,,,,,,,,,,,False,,,
514,Dime Community Bank HQ,Financial,Hauppauge,False,,TD Bank,1.0,1296,amenity=bank,,,,,,True,662,,
515,Island Federal Credit Union HQ,Financial,Hauppauge,False,,Island Federal Credit Union Arena,1.0,2426,leisure=stadium,,,,,,True,859,,
516,Flushing Bank Long Island Regional,Financial,Mineola,False,,TD Bank,1.0,1300,amenity=bank,,,,,,False,,,
517,Valley National Bank Garden City,Financial,Garden City,False,,National,1.0,287,shop=supermarket,,,,,,True,162,,
518,Signature Bank Long Island,Financial,Garden City,False,,Marriott Long Island,0.67,1458,feature,,,,,,True,73,,
519,Greater Hudson Savings Bank,Financial,Merrick,False,,Roslyn Savings Bank,0.67,441,amenity=bank,,,,,,True,200,,
520,Hanover Bancorp LI,Financial,Mineola,False,,,,,,,,,,,True,664,,
522,TD Bank Regional Headquarters,Financial,Garden City,False,,Hempstead Bank,0.5,2272,building=yes,,,,,,True,288,,
523,JP Morgan Chase Long Island,Financial,Mineola,False,,Chase,1.0,906,amenity=bank,,,,,,True,1065,,
524,Long Island Community Bank HQ,Financial,Islandia,False,,Long Island,1.0,2005,tourism=artwork,,,,,,False,,,
526,Atria Great Neck,Residential,Great Neck,False,,Atria Parak of Great Neck,1.0,1429,amenity=social_facility,,,,,,True,1632,,
527,The Bristal at Massapequa,Residential,Massapequa,False,,The Bristal at Massapequa,1.0,1833,amenity=social_facility,,,,,,True,60,,
528,The Bristal at Jericho,Residential,Jericho,False,,The Bristal at Jericho,1.0,1399,amenity=social_facility,,,,,,True,95,,
529,The Bristal at Islandia,Residential,Islandia,False,,The Rinx,0.5,2005,feature,,,,,,False,,,
530,Atria Lynbrook,Residential,Lynbrook,False,,Atria Tanglewood Senior Living,0.5,510,amenity=nursing_home,,,,,,True,6,,
531,The Bristal at Bethpage,Residential,Bethpage,False,,Bethpage Polo at the Park,0.67,1654,leisure=pitch,,,,,,False,,,
532,Sunrise Senior Living Commack,Residential,Commack,False,,Commack Liquors,0.5,789,shop=alcohol,,,,,,True,3965,,
533,The Esplanade of Manhasset,Residential,Manhasset,False,,The Cat Doctor,0.33,1356,amenity=veterinary,,,,,,True,3521,,
534,Vintage Gardens Senior Living,Residential,Huntington,False,,Rosie's Vintage,0.5,409,shop=antiques,,,,,,True,911,,
535,The Riverton at Centereach,Residential,Centereach,False,,Centereach Substation,0.5,1841,feature,,,,,,False,,,
536,Babylon Landing Apartments,Residential,Babylon,False,,Lily's Babylon,0.5,205,amenity=restaurant,,,,,,False,,,
537,East Hampton Village Green,Residential,East Hampton,True,osm,Village of East Hampton,1.0,131,office=government,,,,,,True,300,,
538,Sag Harbor Cove Condominiums,Residential,Sag Harbor,False,,Sag Harbor Cinema,0.67,175,amenity=cinema,,,,,,True,378,,
539,Three Village Apartments,Residential,East Setauket,False,,North Country Administration & Three Village Academy,0.67,2605,amenity=school,,,,,,True,1919,,
540,Atria Stamford,Residential,Smithtown,False,,,,,,,,,,,True,542,,
541,The 1770 House,Hotel,East Hampton,True,osm,1770 House Restaurant & Inn,0.67,613,tourism=hotel,,,,,,True,558,40.958901,-72.190355
542,Greenporter Hotel,Hotel,Greenport,True,osm,The Greenporter Hotel,1.0,314,tourism=hotel,,,,,,False,,41.101677,-72.364409
543,East Wind Long Island,Hotel,Wading River,False,,East Wind Long Island,1.0,1462,building=hotel,,,,,,True,1500,,
544,Hampton Inn Southampton,Hotel,Southampton,False,,Southampton,1.0,1186,building=train_station,,,,,,True,1829,,
545,Westhampton Inn,Hotel,Westhampton Beach,False,,Westhampton Beach Performng Arts Center,0.5,43,amenity=theatre,,,,,,True,8,,
546,Holiday Inn Express Garden City,Hotel,Garden City,False,,Express,1.0,1227,shop=clothes,,,,,,True,8,,
547,La Quinta Inn Melville,Hotel,Melville,False,,Lower Melville School (historical),0.33,582,amenity=school,,,,,,False,,,
548,Marriott Residence Inn Carle Place,Hotel,Carle Place,False,,Residence Inn,1.0,1386,tourism=hotel,,,,,,True,32,,
549,Hyatt Place Melville,Hotel,Melville,False,,Melville Deli,0.5,2096,amenity=fast_food,,,,,,True,8,,
550,Hampton Inn Melville,Hotel,Melville,False,,Lower Melville School (historical),0.33,1103,amenity=school,,,,,,False,,,
551,Extended Stay America Hauppauge,Hotel,Hauppauge,False,,Bank of America,0.5,2403,amenity=bank,,,,,,True,5541,,
552,Amagansett Beach & Atlantic Hotel,Hotel,Amagansett,False,,Amagansett,1.0,1293,building=train_station,,,,,,True,701,,
553,Southold Inn,Hotel,Southold,False,,Southold,1.0,201,building=train_station,,,,,,True,842,,
555,Montauk Blue Hotel,Hotel,Montauk,False,,Montauk,1.0,717,feature,,,,,,True,996,,
556,645 Saratoga Ave,Office,Hauppauge,False,,,,,,,,,,,False,,,
557,80 Orville Dr,Office,Bohemia,False,,,,,,,,,,,True,159,,
558,55 Maxess Rd,Office,Hauppauge,False,,,,,,,,,,,False,,,
559,500 Old Country Rd,Office,Garden City,True,fsq,600 Old Country Road,0.67,247,building=yes,,,,500 Old Country Rd,29,True,136,,
560,Commack Professional Center,Office,Commack,False,,Commack Jewish Center,0.67,2316,amenity=place_of_worship,,,,,,True,647,,
561,350 Jericho Tpke,Office,Jericho,True,osm,350 Jericho Turnpike,0.67,283,building=retail,,,,,,True,240,40.793418,-73.538094
562,Glen Head Office Center,Office,Glen Head,False,,Glen Head Community Center,0.75,642,building=retail,,,,,,True,591,,
563,250 S Service Rd,Office,Melville,False,,,,,,,,,,,False,,,
564,200 S Oyster Bay Rd,Office,Bethpage,False,,Town of Oyster Bay Ice Skating Center,0.67,411,leisure=ice_rink,,,,,,False,,,
565,Port Jefferson Station Office Park,Office,Port Jefferson Station,False,,Port Jefferson,1.0,2418,building=train_station,,,,,,True,1994,,
566,East Hampton Professional Center,Office,East Hampton,False,,East Hampton,1.0,634,building=train_station,,,,,,True,229,,
567,Riverhead Center Professional Bldg,Office,Riverhead,False,,Riverhead,1.0,1166,building=train_station,,,,,,True,305,,
568,Northport Professional Center,Office,Northport,False,,SCT S41 - Bay Shore --> Northport VA Medical Center,0.67,10451,feature,,,,,,True,23,,
569,Plainview Executive Center,Office,Plainview,False,,Plainview-Old Bethpage Community Center,0.67,1804,amenity=community_centre,,,,,,True,5,,
570,25 Orville Dr,Office,Bohemia,False,,,,,,,,,,,True,69,,
571,Southold Town Hall,Government,Southold,False,,Southold,1.0,262,building=train_station,,,,,,True,353,,
572,Greenport Village Hall,Government,Greenport,False,,Greenport,1.0,305,public_transport=stop_position,,,,,,False,,,
573,Port Jefferson Village Hall,Government,Port Jefferson,False,,Village of Port Jefferson,1.0,312,office=government,,,,,,True,282,,
574,Sag Harbor Village Hall,Government,Sag Harbor,True,osm,Village of Sag Harbor,1.0,154,office=government,,,,,,True,173,,
575,Westhampton Beach Village Hall,Government,Westhampton Beach,True,osm,Westhampton Beach Village Hall,1.0,2,building=commercial,,,,,,True,86,,
576,Nassau County Traffic & Parking Agency,Government,Hempstead,True,fsq,Parking Field 16,0.5,256,amenity=parking,,,,Nassau County Traffic & Parking Violations Agency,483,True,195,40.707528,-73.623225
577,Bellport Village Hall,Government,Bellport,False,,Village of Bellport,1.0,611,office=government,,,,,,True,657,,
578,Quogue Village Hall,Government,Quogue,False,,Quogue,1.0,921,feature,,,,,,True,5,,
581,Jericho High School,Education,Jericho,True,osm,Jericho Middle / High School,1.0,10,amenity=school,,,,,,True,329,,
582,Syosset High School,Education,Woodbury,False,,Syosset High School,1.0,1282,building=school,,,,,,True,948,,
583,Great Neck South High School,Education,Great Neck,True,osm,William A Shine - Great Neck South High School,1.0,1,amenity=school,,,,,,True,514,,
584,Garden City High School,Education,Garden City,True,osm,Garden City High School,1.0,35,amenity=school,,,,,,True,455,,
585,Roslyn High School,Education,Roslyn Heights,False,,Roslyn,1.0,551,building=train_station,,,,,,True,810,,
586,Huntington High School,Education,Huntington Station,False,,Huntington,1.0,1967,building=train_station,Huntington High School,"public high school located in Huntington, New York",2502,,,False,,,
587,Half Hollow Hills High School East,Education,Dix Hills,True,osm,Half Hollow Hills High School East,1.0,103,amenity=school,,,,,,True,295,,
588,Smithtown High School East,Education,Commack,False,,Smithtown High School West,0.75,924,amenity=school,,,,,,False,,,
589,Massapequa High School,Education,Massapequa,False,,Massapequa High School - Main Campus,1.0,664,amenity=school,,,,,,True,795,,
590,Bethpage High School,Education,Bethpage,True,osm,Bethpage High School,1.0,149,amenity=school,,,,,,True,275,,
591,Oheka Castle,Entertainment,Huntington,True,osm,Oheka Castle,1.0,45,tourism=hotel,,,,,,False,,,
592,Planting Fields — Coe Hall,Entertainment,Oyster Bay,True,fsq,Coe Hall,1.0,323,tourism=museum,,,,Coe Hall (Planting Fields Arboretum),322,True,8,40.864964,-73.55736
593,Old Westbury Gardens — Westbury House,Entertainment,Old Westbury,False,,Old Westbury Gardens,1.0,923,tourism=attraction,,,,,,True,917,,
594,Sagamore Hill — Roosevelt Home,Entertainment,Oyster Bay,True,osm,Sagamore Hill,1.0,83,feature,,,,,,True,92,,
595,Life Time Fitness Garden City,Entertainment,Garden City,False,,LA Fitness,1.0,1575,leisure=fitness_centre,,,,,,False,,,
596,Life Time Fitness Port Washington,Entertainment,Port Washington,False,,Chabad of Port Washington,0.67,320,amenity=place_of_worship,,,,,,True,218,,
597,Adventureland Amusement Park,Entertainment,Farmingdale,True,osm,Adventureland,1.0,19,tourism=theme_park,,,,,,True,206,,
598,Caumsett State Park — Manor,Entertainment,Lloyd Neck,False,,Caumsett,1.0,1340,leisure=nature_reserve,,,,,,True,493,,
599,Splish Splash Water Park,Entertainment,Calverton,True,osm,Splish Splash Water Park,1.0,51,leisure=water_park,,,,,,True,437,,
600,Kings Park Psychiatric Center,Entertainment,Kings Park,False,,Kings Park Psychiatric Center,1.0,1662,healthcare=psychotherapist,Kings Park Psychiatric Center,"former psychiatric hospital in New York, United States",2676,,,True,20,,
601,Temple Beth El Great Neck,Community,Great Neck,True,osm,Temple Beth-El of Great Neck,1.0,242,amenity=place_of_worship,,,,,,True,260,40.798043,-73.735599
602,Islamic Center of Long Island,Community,Westbury,True,osm,Islamic Center of Long Island,1.0,1,amenity=place_of_worship,,,,,,True,58,,
603,North Shore Hebrew Academy,Community,Great Neck,False,,North Shore Hebrew Academy High School,1.0,813,amenity=school,,,,,,False,,,
604,Old Westbury YMCA,Community,Roslyn Heights,False,,The Old Brick,0.33,788,building=yes,,,,,,True,1923,,
605,Midway YMCA Bethpage,Community,Bethpage,False,,Bethpage Water,0.5,1201,feature,,,,,,False,,,
606,East End Arts Council,Community,Riverhead,False,,East End Eye,0.67,1152,healthcare=optometrist,,,,,,True,323,,
607,Catholic Charities Long Island,Community,Rockville Centre,False,,Long Island Pediatrics,0.67,2214,amenity=doctors,,,,,,False,,,
608,North Shore Unitarian Universalist Society,Community,Manhasset,False,,North Shore Islamic Center,0.5,1987,amenity=place_of_worship,,,,,,True,1995,,
609,Shelter Island YMCA,Community,Shelter Island,False,,Shelter Island Fire Department,0.67,64,amenity=fire_station,,,,,,True,36,,
610,Babylon-Amityville Council on the Arts,Community,Babylon,False,,The Babylon Bean,0.67,442,amenity=cafe,,,,,,True,391,,
612,The Gallery at Westbury Plaza,Mall,Westbury,False,,Westbury,1.0,1856,building=train_station,,,,,,False,,,
614,Lakeland Commons,Mall,West Babylon,False,,,,,,,,,,,False,,,
615,Jericho Terrace Plaza,Mall,Mineola,True,fsq,Jericho Terrace,1.0,1198,building=retail,,,,Jericho terrace,772,False,,40.754393,-73.626078
616,Sterling Bancorp Long Island,Financial,Montebello,False,,Sterling National Bank,0.33,1393,amenity=bank,,,,,,True,1432,,
618,Citibank Long Island Regional,Financial,Lake Success,False,,Citibank,1.0,1482,amenity=bank,,,,,,False,,,
619,First National Bank of LI HQ,Financial,Glen Head,False,,TD Bank,1.0,1006,amenity=bank,,,,,,True,696,,
620,Investors Bank Long Island,Financial,Uniondale,False,,TD Bank,1.0,1886,amenity=bank,,,,,,False,,,
622,Schweiger Dermatology Group Commack,Dermatology,Commack,False,,Commack Cemetery,0.5,603,feature,,,,,,False,,,
624,Island Dermatology Rockville Centre,Dermatology,Rockville Centre,False,,Village of Rockville Centre,0.67,286,office=government,,,,,,True,814,,
625,Advanced Dermatology Huntington,Dermatology,Huntington,False,,Huntington,1.0,910,building=train_station,,,,,,True,298,,
626,Advanced Dermatology Hicksville,Dermatology,Hicksville,False,,Hicksville Garden,0.5,32,leisure=garden,,,,,,True,69,,
627,Advanced Dermatology Melville,Dermatology,Melville,False,,Lower Melville School (historical),0.33,536,amenity=school,,,,,,False,,,
628,North Shore Dermatology Manhasset,Dermatology,Manhasset,False,,Honda of Manhasset,0.5,762,shop=car,,,,,,True,935,,
632,Dermatology of Long Island East Hampton,Dermatology,East Hampton,False,,East Hampton,1.0,841,building=train_station,,,,,,True,376,,
633,Northwell Health Dermatology Lake Success,Dermatology,Lake Success,False,,Northwell Health,1.0,2349,building=yes,,,,,,True,2194,,
635,Stony Brook Dermatology East Setauket,Dermatology,East Setauket,False,,Stony Brook Union,0.67,1103,building=university,,,,,,True,3011,,
638,Northwell Health PT Huntington,Physical Therapy,Huntington,False,,KinderCare at Huntington,0.5,101,amenity=kindergarten,,,,,,True,7,,
649,Summit Physical Therapy Bay Shore,Physical Therapy,Bay Shore,False,,Bay Shore,1.0,366,building=train_station,,,,,,True,708,,
654,Zwanger-Pesiri Radiology Commack,Radiology,Commack,False,,Commack Liquors,0.5,659,shop=alcohol,,,,,,False,,,
663,Peconic Bay Radiology Riverhead,Radiology,Riverhead,False,,Riverhead,1.0,1723,building=train_station,,,,,,True,101,,
