id,verdict,seed_name,type,town,seed_stories,seed_elevators,osm_match,osm_kind,dist_m,osm_levels
3,confirmed,Roosevelt Field Mall,Mall,Garden City,2,6,Roosevelt Field Mall,shop=mall,352,2
4,confirmed,Stony Brook University Hospital,Medical,Stony Brook,19,20,Stony Brook University Hospital,amenity=hospital,77,
8,confirmed,Long Island Marriott,Hotel,Uniondale,11,6,Long Island Marriott,tourism=hotel,241,
10,confirmed,Garden City Hotel,Hotel,Garden City,7,5,The Garden City Hotel,tourism=hotel,256,
13,confirmed,North Shore University Hospital,Medical,Manhasset,10,12,North Shore University Hospital,amenity=hospital,304,
14,confirmed,Long Island Jewish Valley Stream (Northwell Health),Medical,Valley Stream,7,6,Long Island Jewish Valley Stream,amenity=hospital,19,
15,confirmed,Green Acres Mall,Mall,Valley Stream,2,4,Green Acres Mall,highway=unclassified,164,
18,confirmed,Sunrise Mall,Mall,Massapequa,2,4,Sunrise Mall,landuse=retail,63,
19,confirmed,One Hollow Lane,Office,Lake Success,7,5,Hollow Lane,highway=tertiary,103,
20,confirmed,Huntington Hospital (Northwell Health),Medical,Huntington,7,6,Huntington Hospital,amenity=hospital,11,
21,confirmed,Hilton Long Island / Huntington,Hotel,Melville,9,5,Hilton Long Island/Huntington,tourism=hotel,366,
22,confirmed,Melville Marriott Long Island,Hotel,Melville,10,6,Marriott Melville Long Island,tourism=hotel,22,
28,confirmed,John T. Mather Memorial Hospital,Medical,Port Jefferson,7,6,John T. Mather Memorial Hospital,amenity=hospital,0,
33,confirmed,Mercy Medical Center,Medical,Rockville Centre,9,8,Mercy Medical Center,amenity=hospital,0,
35,confirmed,Glen Cove Hospital,Medical,Glen Cove,5,4,Glen Cove Hospital,amenity=hospital,0,
42,confirmed,St. Charles Hospital,Medical,Port Jefferson,6,5,Saint Charles Hospital,amenity=hospital,0,
43,confirmed,St. Joseph Hospital,Medical,Bethpage,5,4,St Joseph Hospital,amenity=doctors,13,
46,confirmed,2 Jericho Plaza,Office,Jericho,7,6,2 Jericho Plaza,building=commercial,0,
51,confirmed,585 Stewart Ave,Office,Garden City,6,5,585 Stewart AVenue,building=office,0,2
53,confirmed,1010 Northern Blvd,Office,Great Neck,6,5,1010,building=retail,1,
62,confirmed,1111 Marcus Ave,Office,Lake Success,8,6,1111,building=commercial,0,
63,confirmed,400 Crossways Park Dr,Office,Woodbury,6,5,400 Crossways Park Drive,building=commercial,0,
67,confirmed,445 Broadhollow Rd,Office,Melville,5,4,445,building=commercial,0,
70,confirmed,1000 Woodbury Rd,Office,Woodbury,5,4,1000,building=commercial,0,
72,confirmed,200 Motor Pkwy,Office,Hauppauge,5,4,Heisenberg II,office=it,66,
74,confirmed,Hyatt Regency Long Island,Hotel,Hauppauge,10,6,Hyatt Regency Long Island,tourism=hotel,22,
77,confirmed,Hampton Inn Long Island Commack,Hotel,Commack,5,3,Hampton Inn Long Island/Commack,tourism=hotel,1,
88,confirmed,The Menhaden Hotel,Hotel,Greenport,4,2,The Menhaden,tourism=hotel,294,
101,confirmed,Five Towns College,Education,Dix Hills,4,3,Five Towns College,amenity=university,0,
102,confirmed,Nassau County Courthouse,Government,Mineola,7,6,Nassau County Courthouse,amenity=courthouse,354,
109,confirmed,Nassau County District Court,Government,Hempstead,5,4,Nassau County District Court,office=government,403,
112,confirmed,Hempstead Town Hall,Government,Hempstead,5,4,Hempstead Town Hall,amenity=townhall,165,
124,confirmed,Huntington Public Library,Library,Huntington,4,3,Huntington Public Library,amenity=library,160,
127,confirmed,Middle Country Public Library,Library,Centereach,3,2,Middle Country Public Library (Centereach),amenity=library,0,
131,confirmed,Pilgrim Psychiatric Center,Medical,Brentwood,5,4,Pilgrim Psychiatric Center,amenity=hospital,0,
141,confirmed,Sagamore Children's Psychiatric Center,Medical,Dix Hills,4,3,Sagamore Children's Psychiatric Center,amenity=hospital,0,
149,confirmed,1601 Old Country Rd,Office,Plainview,5,4,1601,place=house,0,
150,confirmed,3000 Marcus Ave,Office,Lake Success,6,5,3000,building=commercial,0,
151,confirmed,400 Garden City Plaza,Office,Garden City,7,5,400 Garden City Plaza,building=yes,0,
154,confirmed,560 Broadhollow Rd,Office,Melville,5,4,560,building=commercial,0,
155,confirmed,1401 Franklin Ave,Office,Garden City,5,4,1401,building=yes,0,
159,confirmed,290 Broadhollow Rd,Office,Melville,5,4,290,building=commercial,0,
162,confirmed,100 Marcus Blvd,Office,Hauppauge,4,3,100,building=commercial,0,
166,confirmed,475 Wireless Blvd,Office,Hauppauge,4,3,475,building=commercial,0,
167,confirmed,100 Motor Pkwy,Office,Hauppauge,5,4,100,building=commercial,0,
168,confirmed,534 Broadhollow Rd,Office,Melville,4,3,534,building=commercial,0,
169,confirmed,999 Stewart Ave,Office,Garden City,5,4,999 Stewart Avenue,shop=storage_rental,0,
171,confirmed,38 Harbor Park Dr,Office,Port Washington,4,3,38,building=commercial,0,
172,confirmed,125 Froehlich Farm Blvd,Office,Woodbury,4,3,125,building=commercial,0,
177,confirmed,300 Garden City Plaza,Office,Garden City,6,5,300 Garden City Plaza,building=yes,1,
178,confirmed,100 Duffy Ave,Office,Hicksville,5,4,New York Community Bank Plaza,building=commercial,457,
197,confirmed,The Maidstone Hotel,Hotel,East Hampton,3,2,The Maidstone,tourism=hotel,0,
203,confirmed,Sunset Beach Hotel,Hotel,Shelter Island,3,2,Sunset Beach Resort,tourism=hotel,61,
207,confirmed,American Hotel Sag Harbor,Hotel,Sag Harbor,3,2,American Hotel,tourism=hotel,258,
208,confirmed,Montauk Yacht Club,Hotel,Montauk,4,3,Montauk Yacht Club,tourism=hotel,239,
219,confirmed,Islip Town Hall,Government,Islip,4,3,Islip Town Hall,amenity=townhall,116,
220,confirmed,North Hempstead Town Hall,Government,Manhasset,4,3,North Hempstead Town Hall,amenity=townhall,1,
224,confirmed,East Hampton Town Hall,Government,East Hampton,3,2,East Hampton Town Hall,amenity=townhall,0,
234,confirmed,Lynbrook Gardens,Residential,Lynbrook,7,3,Lynbrook Gardens,building=apartments,296,
244,confirmed,Smithtown Library,Library,Smithtown,3,2,The Smithtown Library - Main Branch,amenity=library,0,
253,confirmed,The Paramount Huntington,Entertainment,Huntington,3,3,The Paramount,amenity=theatre,58,
255,confirmed,Long Island Aquarium,Entertainment,Riverhead,3,3,Long Island Aquarium,tourism=aquarium,383,
256,confirmed,Nassau Coliseum,Entertainment,Uniondale,4,6,Nassau Veterans Memorial Coliseum,leisure=stadium,44,
264,confirmed,The Bristal at Westbury,Residential,Westbury,4,4,The Bristal Assisted Living at Westbury,amenity=social_facility,153,
269,confirmed,Glengariff Healthcare Center,Residential,Glen Cove,4,3,Glengariff Healthcare Center,amenity=social_facility,0,
302,confirmed,Holiday Inn Westbury,Hotel,Carle Place,5,4,Holiday Inn,tourism=hotel,0,
313,confirmed,585 Broadhollow Rd,Office,Melville,5,4,585,building=commercial,0,
314,confirmed,1501 Franklin Ave,Office,Garden City,5,4,1501,place=house,0,
317,confirmed,600 Community Dr,Office,Manhasset,6,5,600,building=commercial,344,
321,confirmed,1025 Old Country Rd,Office,Westbury,4,3,1025,place=house,0,
325,confirmed,1305 Walt Whitman Rd,Office,Melville,4,3,1305,building=commercial,71,
329,confirmed,200 Broadhollow Rd,Office,Melville,5,4,200,building=commercial,1,
330,confirmed,375 Wireless Blvd,Office,Hauppauge,4,3,375,building=commercial,0,
335,confirmed,1100 Old Country Rd,Office,Plainview,4,3,1100,place=house,63,
361,confirmed,Smithtown Town Hall,Government,Smithtown,4,3,Smithtown Town Hall,amenity=townhall,499,
362,confirmed,Riverhead Town Hall,Government,Riverhead,4,3,Riverhead Town Hall,amenity=townhall,288,
384,confirmed,Parrish Art Museum,Entertainment,Water Mill,3,2,Parrish Art Museum,tourism=museum,0,1
432,confirmed,Levittown Public Library,Library,Levittown,2,1,Levittown Public Library,amenity=library,9,
436,confirmed,Syosset Public Library,Library,Syosset,2,1,Syosset Public Library,amenity=library,74,
437,confirmed,Lindenhurst Memorial Library,Library,Lindenhurst,2,1,Lindenhurst Memorial Library,amenity=library,3,
439,confirmed,Patchogue–Medford Library,Library,Patchogue,2,1,Patchogue - Medford Library,amenity=library,186,
442,confirmed,Commack Public Library,Library,Commack,2,1,Commack Public Library,amenity=library,1,
447,confirmed,Lynbrook Village Hall,Government,Lynbrook,2,1,Lynbrook Village Hall,amenity=townhall,408,
448,confirmed,Mineola Village Hall,Government,Mineola,2,1,Mineola Village Hall,amenity=townhall,88,
450,confirmed,Westbury Village Hall,Government,Westbury,2,1,Westbury Village Hall,amenity=townhall,300,
452,confirmed,Amityville Village Hall,Government,Amityville,3,2,Amityville Village Hall,amenity=townhall,281,
454,confirmed,Patchogue Village Hall,Government,Patchogue,2,1,Patchogue Village Hall,amenity=townhall,409,
455,confirmed,Farmingdale Village Hall,Government,Farmingdale,2,1,Farmingdale Village Hall,amenity=townhall,159,
456,confirmed,Floral Park Village Hall,Government,Floral Park,2,1,Floral Park Village Hall,amenity=townhall,270,
460,confirmed,Massapequa Park Village Hall,Government,Massapequa Park,2,1,Massapequa Park Village Hall,amenity=townhall,391,
462,confirmed,2 Huntington Quadrangle,Office,Melville,4,4,2,building=commercial,0,
542,confirmed,Greenporter Hotel,Hotel,Greenport,3,2,The Greenporter Hotel,tourism=hotel,322,
561,confirmed,350 Jericho Tpke,Office,Jericho,3,2,350 Jericho Turnpike,building=retail,283,
570,confirmed,25 Orville Dr,Office,Bohemia,3,2,fishbat,building=commercial,0,
571,confirmed,Southold Town Hall,Government,Southold,3,2,Southold Town Hall,amenity=townhall,371,
572,confirmed,Greenport Village Hall,Government,Greenport,2,1,Greenport Village Hall,amenity=townhall,366,
573,confirmed,Port Jefferson Village Hall,Government,Port Jefferson,2,1,Port Jefferson Village Hall,amenity=townhall,315,
574,confirmed,Sag Harbor Village Hall,Government,Sag Harbor,2,1,Sag Harbor Village Hall,amenity=townhall,161,
575,confirmed,Westhampton Beach Village Hall,Government,Westhampton Beach,2,1,Westhampton Beach Village Hall,building=commercial,1,
581,confirmed,Jericho High School,Education,Jericho,3,3,Jericho Middle / High School,amenity=school,0,
584,confirmed,Garden City High School,Education,Garden City,3,3,Garden City High School,amenity=school,0,
587,confirmed,Half Hollow Hills High School East,Education,Dix Hills,3,4,Half Hollow Hills High School East,amenity=school,0,
590,confirmed,Bethpage High School,Education,Bethpage,3,3,Bethpage High School,amenity=school,150,
591,confirmed,Oheka Castle,Entertainment,Huntington,4,2,Oheka Castle,tourism=hotel,0,
592,confirmed,Planting Fields — Coe Hall,Entertainment,Oyster Bay,3,2,Coe Hall,tourism=museum,299,
599,confirmed,Splish Splash Water Park,Entertainment,Calverton,3,2,Splish Splash Water Park,leisure=water_park,0,
601,confirmed,Temple Beth El Great Neck,Community,Great Neck,2,1,Temple Beth-El of Great Neck,amenity=place_of_worship,247,
602,confirmed,Islamic Center of Long Island,Community,Westbury,2,1,Islamic Center of Long Island,amenity=place_of_worship,1,
2,misplaced,RXR Plaza,Office,Uniondale,15,12,RXR Plaza,landuse=commercial,711,
5,misplaced,EAB Plaza (West Tower),Office,Uniondale,14,10,EAB Plaza Heliport,aeroway=helipad,2133,
7,misplaced,Nassau University Medical Center,Medical,East Meadow,19,16,Nassau University Medical Center,amenity=hospital,779,
17,misplaced,1 Jericho Plaza,Office,Jericho,6,6,1 Jericho Plaza,building=yes,849,
25,misplaced,Smith Haven Mall,Mall,Lake Grove,2,5,Smith Haven Mall,landuse=retail,838,
27,misplaced,Peconic Bay Medical Center,Medical,Riverhead,6,5,Peconic Bay Medical Center,amenity=hospital,1910,
31,misplaced,Eastern Long Island Hospital,Medical,Greenport,4,3,Stony Brook Eastern Long Island Hospital,amenity=hospital,838,
32,misplaced,Stony Brook Southampton Hospital,Medical,Southampton,5,4,Stony Brook Southampton Hospital,amenity=hospital,570,
36,misplaced,Plainview Hospital,Medical,Plainview,4,4,Plainview Hospital,amenity=hospital,949,
37,misplaced,Syosset Hospital,Medical,Syosset,4,4,Syosset Hospital,amenity=hospital,658,
69,misplaced,800 Community Dr,Office,Manhasset,6,5,800,building=commercial,620,
78,misplaced,Hilton Garden Inn Roslyn,Hotel,Roslyn,7,4,Hilton Garden Inn - Roslyn,tourism=hotel,1139,
84,misplaced,Holiday Inn Express Hauppauge,Hotel,Hauppauge,5,3,Holiday Inn Express,tourism=hotel,2296,
85,misplaced,Marriott Courtyard Ronkonkoma,Hotel,Ronkonkoma,4,3,Courtyard Long Island MacArthur Airport,tourism=hotel,1441,
89,misplaced,Marriott Courtyard Uniondale,Hotel,Uniondale,6,4,Courtyard,tourism=hotel,2395,
104,misplaced,Suffolk County Courthouse,Government,Riverhead,7,5,Suffolk County Supreme Court,amenity=courthouse,524,
125,misplaced,Port Washington Public Library,Library,Port Washington,4,3,Port Washington Public Library,amenity=library,604,
153,misplaced,135 Pinelawn Rd,Office,Melville,5,4,135,building=commercial,582,
164,misplaced,100 Jericho Quadrangle,Office,Jericho,5,4,Jericho Quadrangle,landuse=commercial,1398,
170,misplaced,600 Old Country Rd,Office,Garden City,6,5,Old Country Road,highway=primary,1990,
176,misplaced,3601 Broadhollow Rd,Office,Farmingdale,4,3,Broadhollow Road,highway=primary,1142,
196,misplaced,Topping Rose House,Hotel,Bridgehampton,3,2,Topping Rose House,tourism=hotel,890,
198,misplaced,Hampton Inn Farmingdale,Hotel,Farmingdale,4,3,Hampton Inn & Suites Long Island Farmingdale,tourism=hotel,1521,
204,misplaced,Inn at Great Neck,Hotel,Great Neck,5,3,Inn At Great Neck,tourism=hotel,1360,
209,misplaced,Cold Spring Harbor Laboratory,Education,Cold Spring Harbor,5,4,Cold Spring Harbor Laboratory,amenity=university,1051,
221,misplaced,Glen Cove City Hall,Government,Glen Cove,4,3,Glen Cove City Hall,amenity=townhall,735,
222,misplaced,Huntington Town Hall,Government,Huntington,4,3,Huntington Town Hall,amenity=townhall,732,
223,misplaced,Long Beach City Hall,Government,Long Beach,4,3,Long Beach City Hall,amenity=townhall,854,
225,misplaced,Southampton Town Hall,Government,Southampton,3,2,Southampton Town Hall,amenity=townhall,610,
227,misplaced,Babylon Town Hall,Government,Lindenhurst,4,3,Babylon Townhall,amenity=townhall,2208,
241,misplaced,Sea Cliff Manor,Residential,Sea Cliff,5,3,Sea Cliff Manor,building=yes,1202,
248,misplaced,Babylon Public Library,Library,Babylon,3,2,Babylon Public Library,amenity=library,834,
254,misplaced,Tilles Center for the Performing Arts,Entertainment,Brookville,3,3,Tilles Center For The Performing Arts,amenity=arts_centre,846,
260,misplaced,NYCB Theatre at Westbury,Entertainment,Westbury,3,3,NYCB Theatre at Westbury,amenity=theatre,2235,
265,misplaced,The Bristal at North Hills,Residential,North Hills,4,4,The Bristal Assisted Living at North Hills,amenity=social_facility,737,
305,misplaced,North Fork Table & Inn,Hotel,Southold,3,2,North Fork Table & Inn,tourism=hotel,1126,
383,misplaced,Cradle of Aviation Museum,Entertainment,Garden City,3,3,Cradle of Aviation Museum,tourism=museum,786,
388,misplaced,The Space at Westbury,Entertainment,Westbury,3,2,The Space at Westbury,leisure=dance,533,
392,misplaced,Huntington YMCA,Community,Huntington,2,1,Huntington YMCA,leisure=park,1083,
404,misplaced,JCC Mid-Island,Community,Plainview,2,1,Mid-Island Y JCC,amenity=community_centre,641,
407,misplaced,Huntington Arts Center,Community,Huntington,2,1,Huntington Cinema Arts Center,amenity=cinema,1093,
441,misplaced,Comsewogue Public Library,Library,Port Jefferson Station,2,1,Comsewogue Public Library Bike Borrow Program,amenity=bicycle_rental,956,
443,misplaced,North Babylon Public Library,Library,North Babylon,2,1,North Babylon Public Library,amenity=library,693,
444,misplaced,Elmont Public Library,Library,Elmont,2,1,Elmont Public Library,amenity=library,1016,
446,misplaced,Rockville Centre Village Hall,Government,Rockville Centre,2,1,Rockville Centre Village Hall,amenity=townhall,540,
449,misplaced,Garden City Village Hall,Government,Garden City,2,1,Garden City Village Hall,amenity=townhall,582,
451,misplaced,Babylon Village Hall,Government,Babylon,2,1,Babylon Village Hall,amenity=townhall,512,
453,misplaced,Northport Village Hall,Government,Northport,2,1,Northport Village Hall,amenity=townhall,507,
457,misplaced,New Hyde Park Village Hall,Government,New Hyde Park,2,1,New Hyde Park Village Hall,amenity=townhall,742,
465,misplaced,300 Corporate Dr Bohemia,Office,Bohemia,2,1,Corporate Drive,highway=residential,2840,
473,misplaced,175 Pinelawn Rd,Office,Melville,4,3,175,building=commercial,521,
483,misplaced,Lake Success Shopping Center,Mall,Lake Success,2,1,Lake Success Medical Building,building=retail,572,
526,misplaced,Atria Great Neck,Residential,Great Neck,4,3,Atria Cuttermill,amenity=social_facility,1631,
527,misplaced,The Bristal at Massapequa,Residential,Massapequa,4,4,The Bristal at Massapequa,amenity=social_facility,1835,
528,misplaced,The Bristal at Jericho,Residential,Jericho,4,4,The Bristal at Jericho,amenity=social_facility,1388,
530,misplaced,Atria Lynbrook,Residential,Lynbrook,4,3,Atria Tanglewood Senior Living,amenity=nursing_home,511,
543,misplaced,East Wind Long Island,Hotel,Wading River,3,2,East Wind Long Island,building=hotel,1452,
555,misplaced,Montauk Blue Hotel,Hotel,Montauk,3,2,Montauk Blue Hotel,tourism=hotel,1739,
564,misplaced,200 S Oyster Bay Rd,Office,Bethpage,3,2,South Oyster Bay Road,highway=secondary,1796,
578,misplaced,Quogue Village Hall,Government,Quogue,2,1,Quogue Village Hall,amenity=townhall,1522,
582,misplaced,Syosset High School,Education,Woodbury,3,3,Syosset High School,amenity=school,1430,
585,misplaced,Roslyn High School,Education,Roslyn Heights,3,3,Roslyn High School,amenity=school,885,
586,misplaced,Huntington High School,Education,Huntington Station,3,3,Huntington High School,amenity=school,2575,
589,misplaced,Massapequa High School,Education,Massapequa,3,3,Massapequa High School - Ames Campus,amenity=school,1547,
600,misplaced,Kings Park Psychiatric Center,Entertainment,Kings Park,4,4,Kings Park Psychiatric Center,healthcare=psychotherapist,1662,
11,review,Tanger Outlets Deer Park,Mall,Deer Park,2,4,NY Dress Shop,shop=clothes,72,
49,review,100 Garden City Plaza,Office,Garden City,8,6,100,building=house,0,
50,review,900 Stewart Ave,Office,Garden City,6,5,900,building=yes,0,
52,review,175 Broadhollow Rd,Office,Melville,7,5,175,building=yes,0,
60,review,300 Motor Pkwy,Office,Hauppauge,6,5,Applebee's,amenity=restaurant,1382,
66,review,400 Post Ave,Office,Westbury,6,5,400,building=yes,0,
82,review,Hampton Inn Garden City,Hotel,Garden City,6,4,Hampton Inn,tourism=hotel,4602,
87,review,Homewood Suites Melville,Hotel,Melville,4,3,Homewood Suites by Hilton,tourism=hotel,3068,
152,review,1000 Franklin Ave,Office,Garden City,6,5,Village Pediatrics,amenity=doctors,398,
156,review,350 Motor Pkwy,Office,Hauppauge,5,4,350,building=retail,445,
157,review,50 Charles Lindbergh Blvd,Office,Uniondale,5,4,50,building=yes,885,
158,review,900 Merchants Concourse,Office,Westbury,6,5,900,building=yes,0,
163,review,150 Broadhollow Rd,Office,Melville,4,3,150,amenity=parking,0,
174,review,990 Stewart Ave,Office,Garden City,5,4,990,building=yes,0,
239,review,Valley Stream Apartments,Residential,Valley Stream,8,3,Valley Stream Road,highway=residential,827196,
270,review,Sunrise at East Meadow,Residential,East Meadow,4,3,Sunrise of East Meadow,amenity=nursing_home,3056,
363,review,Oyster Bay Town Hall,Government,Oyster Bay,3,2,Town of Oyster Bay Town Hall South,amenity=townhall,20287,
394,review,Glen Cove YMCA,Community,Glen Cove,2,1,Glen Cove YMCA,leisure=sports_centre,3231,
409,review,Nassau County Museum of Art,Community,Roslyn Harbor,3,2,Arnold and Joan Saltzman Fine Arts Building,tourism=museum,861,
461,review,300 Jericho Tpke,Office,Jericho,3,3,300,building=house,0,
471,review,100 N Centre Ave,Office,Rockville Centre,2,1,100,building=yes,0,
472,review,50 Broadway Lynbrook,Office,Lynbrook,2,1,50,building=yes,22,
559,review,500 Old Country Rd,Office,Garden City,5,4,500,building=yes,0,
563,review,250 S Service Rd,Office,Melville,4,3,South Service Road,highway=secondary,3647,
603,review,North Shore Hebrew Academy,Community,Great Neck,2,1,North Shore Hebrew Academy,amenity=school,3285,
612,review,The Gallery at Westbury Plaza,Mall,Westbury,2,2,Gallery at Westbury,highway=service,3640,
1,not_found,Winthrop / NYU Langone Hospital,Medical,Mineola,11,8,,,,
6,not_found,Walt Whitman Shops,Mall,Huntington Station,2,5,,,,
9,not_found,Hofstra University — Axinn Library,Education,Hempstead,10,4,,,,
12,not_found,South Nassau / Mount Sinai South Nassau,Medical,Oceanside,8,9,,,,
16,not_found,Adelphi University — Post Hall,Education,Garden City,9,4,,,,
23,not_found,Good Samaritan University Hospital,Medical,West Islip,9,8,,,,
24,not_found,Hauppauge Corporate Center,Office,Hauppauge,8,6,,,,
26,not_found,"Frank Melville Jr. Memorial Library, Stony Brook University",Education,Stony Brook,6,4,,,,
29,not_found,South Shore University Hospital,Medical,Bay Shore,9,8,,,,
30,not_found,Long Island Community Hospital,Medical,Patchogue,7,6,,,,
34,not_found,St. Francis Hospital The Heart Center,Medical,Roslyn,8,7,,,,
38,not_found,Long Island Jewish Medical Center,Medical,New Hyde Park,16,16,,,,
39,not_found,Cohen Children's Medical Center,Medical,New Hyde Park,8,8,,,,
40,not_found,St. Catherine of Siena Medical Center,Medical,Smithtown,7,5,,,,
41,not_found,Northport VA Medical Center,Medical,Northport,8,6,,,,
44,not_found,South Oaks Hospital,Medical,Amityville,5,4,,,,
45,not_found,Northwell Health — Katz Women's Hospital,Medical,New Hyde Park,6,5,,,,
47,not_found,3 Jericho Plaza,Office,Jericho,7,6,3,place=house,0,
48,not_found,333 Earle Ovington Blvd,Office,Uniondale,8,6,333,place=house,577,
54,not_found,Jericho Atrium,Office,Jericho,8,6,,,,
55,not_found,Henry Schein HQ,Office,Melville,6,5,,,,
56,not_found,CA Technologies Campus,Office,Islandia,8,6,,,,
57,not_found,Canon USA HQ,Office,Melville,6,4,,,,
58,not_found,Broadridge Financial Solutions HQ,Office,Lake Success,5,4,,,,
59,not_found,Pall Corporation HQ,Office,Port Washington,6,5,,,,
61,not_found,Newsday Building,Office,Melville,6,5,,,,
64,not_found,Altice USA HQ,Office,Bethpage,8,5,,,,
65,not_found,Northwell Health HQ,Office,New Hyde Park,7,6,,,,
68,not_found,Long Island State Office Building,Office,Hauppauge,6,5,,,,
71,not_found,500 Bi-County Blvd,Office,Farmingdale,6,5,500,place=house,0,
73,not_found,Sheraton Long Island Hotel,Hotel,Smithtown,8,5,,,,
75,not_found,The Allegria Hotel,Hotel,Long Beach,7,4,,,,
76,not_found,Gurney's Montauk Resort & Seawater Spa,Hotel,Montauk,5,3,,,,
79,not_found,Marriott Residence Inn Melville,Hotel,Melville,7,4,,,,
80,not_found,Courtyard Marriott Garden City,Hotel,Garden City,6,4,,,,
81,not_found,Marriott Residence Inn Plainview,Hotel,Plainview,5,3,,,,
83,not_found,Hyatt House Hauppauge,Hotel,Hauppauge,5,3,,,,
86,not_found,Marriott Residence Inn Islandia,Hotel,Islandia,4,3,,,,
90,not_found,SUNY Old Westbury — Campus Center,Education,Old Westbury,5,3,,,,
91,not_found,Farmingdale State College — Gleeson Hall,Education,Farmingdale,4,3,,,,
92,not_found,Nassau Community College — Library,Education,Garden City,6,4,,,,
93,not_found,LIU Post — Hillwood Commons,Education,Brookville,5,3,,,,
94,not_found,NYIT — de Seversky Mansion,Education,Old Westbury,4,3,,,,
95,not_found,Touro Law Center,Education,Central Islip,5,4,,,,
96,not_found,Molloy University — Public Square,Education,Rockville Centre,6,4,,,,
97,not_found,St. Joseph's University — Callahan Library,Education,Patchogue,5,3,,,,
98,not_found,Stony Brook University — Wang Center,Education,Stony Brook,4,4,,,,
99,not_found,Stony Brook University — Administration,Education,Stony Brook,9,6,,,,
100,not_found,Hofstra University — Student Center,Education,Hempstead,4,4,,,,
103,not_found,Nassau County Administrative Building,Government,Mineola,8,6,,,,
105,not_found,US Federal Building & Courthouse,Government,Central Islip,8,6,,,,
106,not_found,Suffolk County Legislative Building,Government,Hauppauge,5,4,,,,
107,not_found,Nassau County Police Headquarters,Government,Mineola,6,5,,,,
108,not_found,IRS Service Center Holtsville,Government,Holtsville,6,5,,,,
110,not_found,Long Island Federal Courthouse,Government,Central Islip,7,5,,,,
111,not_found,Brookhaven Town Hall,Government,Farmingville,4,3,,,,
113,not_found,Suffolk County Family Court,Government,Central Islip,5,4,,,,
114,not_found,Oceanic Tower,Residential,Long Beach,16,6,,,,
115,not_found,Long Beach Towers North,Residential,Long Beach,12,5,,,,
116,not_found,Long Beach Towers South,Residential,Long Beach,12,5,,,,
117,not_found,Bayview Tower,Residential,Great Neck,14,6,,,,
118,not_found,Great Neck Plaza Apartments,Residential,Great Neck,10,4,,,,
119,not_found,Parkwood Apartments,Residential,New Hyde Park,10,4,,,,
120,not_found,The Sutton at Rockville Centre,Residential,Rockville Centre,8,4,,,,
121,not_found,Sunrise Towers,Residential,Valley Stream,10,4,,,,
122,not_found,Port Washington Towers,Residential,Port Washington,9,4,,,,
123,not_found,Mill Creek at Mineola,Residential,Mineola,6,4,,,,
126,not_found,Half Hollow Hills Community Library,Library,Dix Hills,3,2,,,,
128,not_found,Sachem Public Library,Library,Holbrook,3,2,,,,
129,not_found,Long Island MacArthur Airport Terminal,Transit,Ronkonkoma,3,4,,,,
130,not_found,MacArthur Airport Parking Garage,Transit,Ronkonkoma,5,4,,,,
132,not_found,NYU Langone Orthopedic Hospital Syosset,Medical,Syosset,4,3,,,,
133,not_found,Northwell Health Physician Partners,Medical,Great Neck,4,3,,,,
134,not_found,NYU Langone Medical Arts Huntington,Medical,Huntington Station,4,3,,,,
135,not_found,Stony Brook Medicine Commack,Medical,Commack,4,3,,,,
136,not_found,Catholic Health Medical Arts West Islip,Medical,West Islip,4,3,,,,
137,not_found,Northwell Health Manhasset Medical Arts,Medical,Manhasset,5,4,,,,
138,not_found,ProHEALTH Care New Hyde Park,Medical,New Hyde Park,4,3,,,,
139,not_found,Brunswick Medical Arts Building,Medical,Amityville,4,3,,,,
140,not_found,Long Island Heart Associates Building,Medical,Mineola,5,4,,,,
142,not_found,Northwell Health Cancer Institute,Medical,Lake Success,5,4,,,,
143,not_found,Northwell Health Orthopedics Garden City,Medical,Garden City,4,3,,,,
144,not_found,NYU Langone — Lake Success Medical,Medical,Lake Success,4,3,,,,
145,not_found,Mercy Medical Center Medical Office Bldg,Medical,Rockville Centre,4,3,,,,
146,not_found,Northwell Imaging East Meadow,Medical,East Meadow,4,3,,,,
147,not_found,Island Neurological Associates,Medical,Plainview,4,3,,,,
148,not_found,Northwell Imaging at Mineola,Medical,Mineola,4,3,,,,
160,not_found,1 Symbol Plaza,Office,Holtsville,5,4,,,,
161,not_found,3 Corporate Center Dr,Office,Bohemia,5,4,,,,
165,not_found,200 Corporate Center Dr,Office,Islandia,5,4,,,,
173,not_found,100 Fulton Ave,Office,Hempstead,5,4,100,place=house,15412,
175,not_found,50 Applied DNA Dr,Office,Stony Brook,4,3,,,,
179,not_found,Certilman Balin Adler & Hyman LLP,Legal,East Meadow,6,5,,,,
180,not_found,Meltzer Lippe Goldstein & Breitstone LLP,Legal,Mineola,5,4,,,,
181,not_found,Abrams Fensterman LLP,Legal,Lake Success,4,3,,,,
182,not_found,Bond Schoeneck & King PLLC,Legal,Garden City,5,4,,,,
185,not_found,Campolo Middleton & McCormick LLP,Legal,Ronkonkoma,4,3,,,,
186,not_found,Hamburger Maxson Yaffe & McNally LLP,Legal,Melville,4,3,,,,
187,not_found,Farrell Fritz PC,Legal,Uniondale,8,6,,,,
188,not_found,Rivkin Radler LLP,Legal,Uniondale,9,7,,,,
189,not_found,Ruskin Moscou Faltischek PC,Legal,Uniondale,8,6,,,,
190,not_found,Nixon Peabody LLP Long Island,Legal,Garden City,5,4,,,,
191,not_found,Forchelli Deegan Terrana LLP,Legal,Uniondale,8,6,,,,
193,not_found,Goldberg Segalla LLP,Legal,Garden City,8,6,,,,
194,not_found,Gurney's Star Island Resort,Hotel,Montauk,4,3,,,,
195,not_found,The Southampton Inn,Hotel,Southampton,4,2,,,,
199,not_found,La Quinta Inn Hauppauge,Hotel,Hauppauge,3,2,,,,
200,not_found,Hampton Inn East End Riverhead,Hotel,Riverhead,3,2,,,,
201,not_found,Marriott Residence Inn East End,Hotel,Riverhead,3,2,,,,
202,not_found,The Ram's Head Inn,Hotel,Shelter Island,3,2,,,,
205,not_found,Marriott Courtyard Melville,Hotel,Melville,4,3,,,,
206,not_found,Comfort Inn & Suites Port Jefferson,Hotel,Port Jefferson Station,3,2,,,,
210,not_found,Stony Brook University — Engineering Bldg,Education,Stony Brook,7,4,,,,
211,not_found,Stony Brook University — Life Sciences Bldg,Education,Stony Brook,6,4,,,,
212,not_found,Hofstra University — Breslin Hall,Education,Hempstead,4,3,,,,
213,not_found,NYIT — Education Hall,Education,Old Westbury,4,3,,,,
214,not_found,Adelphi University — Earle Hall,Education,Garden City,5,4,,,,
215,not_found,Dowling College — Kramer Science Center,Education,Oakdale,4,3,,,,
216,not_found,Stony Brook University — Javits Lecture Ctr,Education,Stony Brook,4,4,,,,
217,not_found,SUNY Farmingdale — Administration Bldg,Education,Farmingdale,4,3,,,,
218,not_found,Molloy University — Hagan Hall,Education,Rockville Centre,4,3,,,,
226,not_found,Suffolk County Clerk Building,Government,Riverhead,4,3,,,,
228,not_found,Theodore Roosevelt Exec & Legislative Bldg,Government,Mineola,6,5,,,,
229,not_found,North Shore Towers,Residential,Floral Park,20,8,,,,
230,not_found,The Riviera at Long Beach,Residential,Long Beach,14,5,,,,
231,not_found,The Meridian at Mineola,Residential,Mineola,6,3,,,,
232,not_found,Hempstead Towers,Residential,Hempstead,10,4,,,,
233,not_found,Roslyn Heights Apartments,Residential,Roslyn Heights,7,3,,,,
235,not_found,Great Neck South Apartments,Residential,Great Neck,12,5,,,,
236,not_found,Port Washington Waterfront Condos,Residential,Port Washington,6,3,,,,
237,not_found,Bay Shore Towers,Residential,Bay Shore,8,4,,,,
238,not_found,Rockville Centre Residences,Residential,Rockville Centre,7,3,,,,
240,not_found,Parkway Village Towers,Residential,New Hyde Park,9,4,,,,
242,not_found,Floral Park Towers,Residential,Floral Park,8,3,,,,
243,not_found,Baldwin Harbor Apartments,Residential,Baldwin,6,3,,,,
245,not_found,Hauppauge Public Library,Library,Hauppauge,3,2,,,,
246,not_found,Brentwood Public Library,Library,Brentwood,3,2,,,,
247,not_found,Great Neck Library — Main Branch,Library,Great Neck,3,2,,,,
249,not_found,Ronkonkoma LIRR Station & Garage,Transit,Ronkonkoma,3,2,,,,
250,not_found,Mineola LIRR Intermodal Center,Transit,Mineola,3,2,,,,
251,not_found,Broadway Commons,Mall,Hicksville,3,3,,,,
252,not_found,The Source Mall,Mall,Westbury,2,3,,,,
257,not_found,Long Island Children's Museum,Entertainment,Garden City,3,3,,,,
258,not_found,Hofstra University Arena,Entertainment,Hempstead,4,4,,,,
259,not_found,Stony Brook University Sports Complex,Entertainment,Stony Brook,4,4,,,,
261,not_found,Parker Jewish Institute,Residential,New Hyde Park,6,4,,,,
262,not_found,Gurwin Jewish Nursing & Rehab Center,Residential,Commack,4,3,,,,
263,not_found,Peconic Landing at Southold,Residential,Greenport,4,3,,,,
266,not_found,Atria Woodbury,Residential,Woodbury,4,3,,,,
267,not_found,Sunrise Senior Living Garden City,Residential,Garden City,4,3,,,,
268,not_found,The Bristal at East Northport,Residential,East Northport,4,3,,,,
271,not_found,The Vanderbilt at Plainview,Residential,Plainview,6,3,,,,
272,not_found,Meadowbrook Pointe,Residential,Westbury,6,4,,,,
273,not_found,Glen Cove Senior Towers,Residential,Glen Cove,8,4,,,,
274,not_found,Garden City Towers,Residential,Garden City,9,4,,,,
275,not_found,Oceanview Towers,Residential,Long Beach,12,5,,,,
276,not_found,Neptune Towers,Residential,Long Beach,12,5,,,,
277,not_found,Searingtown Apartments,Residential,Albertson,7,3,,,,
278,not_found,Hewlett House Apartments,Residential,Hewlett,7,3,,,,
279,not_found,Lawrence Towers,Residential,Lawrence,8,3,,,,
280,not_found,Port Jefferson Towers,Residential,Port Jefferson,6,3,,,,
281,not_found,Massapequa Towers,Residential,Massapequa,7,3,,,,
282,not_found,Roslyn Harbor Condos,Residential,Roslyn,5,3,,,,
283,not_found,The Terrace at Westbury,Residential,Westbury,6,3,,,,
289,not_found,Kings Park Senior Apartments,Residential,Kings Park,5,3,,,,
295,not_found,Baron's Cove Hotel,Hotel,Sag Harbor,3,2,,,,
298,not_found,Four Points by Sheraton Melville,Hotel,Melville,5,4,,,,
299,not_found,Springhill Suites Garden City,Hotel,Garden City,5,3,,,,
300,not_found,TownePlace Suites Hauppauge,Hotel,Hauppauge,4,3,,,,
301,not_found,Hampton Inn & Suites Bethpage,Hotel,Bethpage,4,3,,,,
303,not_found,Courtyard by Marriott Plainview,Hotel,Plainview,4,3,,,,
304,not_found,Marriott Courtyard Hauppauge,Hotel,Ronkonkoma,4,3,,,,
307,not_found,Dune Deck Hotel Westhampton,Hotel,Westhampton Beach,3,2,,,,
309,not_found,Canoe Place Inn,Hotel,Hampton Bays,3,2,,,,
311,not_found,1 Expressway Plaza,Office,Roslyn Heights,7,5,1,place=house,229,
312,not_found,2 Expressway Plaza,Office,Roslyn Heights,7,5,2,place=house,214,
315,not_found,North Hills Executive Park,Office,North Hills,6,5,,,,
316,not_found,800 Woodbury Rd,Office,Woodbury,5,4,800,place=house,0,
318,not_found,Syosset Corporate Center,Office,Syosset,5,4,,,,
319,not_found,195 Crossways Park Dr,Office,Woodbury,6,5,195,place=house,483,
320,not_found,Lakeville Road Executive Park,Office,Lake Success,5,4,,,,
322,not_found,600 Veterans Memorial Hwy,Office,Hauppauge,5,4,600,place=house,0,
323,not_found,Carle Place Office Park,Office,Carle Place,5,4,,,,
324,not_found,200 Rabro Dr,Office,Hauppauge,4,3,200,place=house,0,
326,not_found,East Setauket Corporate Park,Office,East Setauket,4,3,,,,
327,not_found,60 Harbor Park Dr,Office,Port Washington,4,3,60,place=house,0,
328,not_found,4 Dakota Dr,Office,Lake Success,5,4,4,place=house,0,
331,not_found,700 Old Country Rd,Office,Plainview,4,3,700,place=house,0,
332,not_found,1 Astoria Blvd,Office,Bohemia,5,4,,,,
334,not_found,125 Half Hollow Rd,Office,Deer Park,4,3,125,place=house,698,
337,not_found,Long Island Technology Campus,Office,Hauppauge,5,4,,,,
338,not_found,95 Sunnyside Blvd,Office,Woodbury,4,3,95,place=house,0,
341,not_found,Northwell Robotic Surgery Center Manhasset,Medical,Manhasset,5,4,,,,
342,not_found,Northwell Health Cancer Institute Lake Success,Medical,Lake Success,5,4,,,,
343,not_found,Catholic Health Physician Partners Merrick,Medical,Merrick,4,3,,,,
344,not_found,TLC Health Network,Medical,Amityville,5,4,,,,
345,not_found,NYU Langone Medical Commack,Medical,Commack,4,3,,,,
346,not_found,New York Spine Institute,Medical,Westbury,4,3,,,,
347,not_found,Northwell Health Dermatology Garden City,Medical,Garden City,4,3,,,,
348,not_found,South Shore University Hospital Cancer Ctr,Medical,Bay Shore,4,3,,,,
349,not_found,Northwell Behavioral Health Manhasset,Medical,Manhasset,5,4,,,,
350,not_found,St. Catherine Satellite Hauppauge,Medical,Hauppauge,4,3,,,,
351,not_found,Stony Brook Cardiology Smithtown,Medical,Smithtown,4,3,,,,
353,not_found,CareMount Medical Great Neck,Medical,Great Neck,4,3,,,,
354,not_found,Long Island Spine Specialists,Medical,Greenlawn,3,2,,,,
356,not_found,South Shore Neurologic Associates,Medical,Patchogue,4,3,,,,
360,not_found,Northwell Health Ophthalmology Great Neck,Medical,Great Neck,4,3,,,,
364,not_found,Nassau County Health Department,Government,Uniondale,5,4,,,,
365,not_found,Nassau County Corrections HQ,Government,East Meadow,5,4,,,,
366,not_found,Village of Freeport Municipal Center,Government,Freeport,4,3,,,,
370,not_found,Suffolk County Traffic & Parking Violations,Government,Hauppauge,4,3,,,,
371,not_found,Stony Brook University — Social & Behavioral Sciences,Education,Stony Brook,6,4,,,,
372,not_found,Stony Brook University — Harriman Hall,Education,Stony Brook,5,4,,,,
374,not_found,Hofstra University — Law School,Education,Hempstead,5,4,,,,
375,not_found,Adelphi University — Nexus Building,Education,Garden City,5,4,,,,
376,not_found,Touro College of Osteopathic Medicine,Education,Central Islip,4,3,,,,
377,not_found,Nassau BOCES Administrative Center,Education,Garden City,4,3,,,,
378,not_found,Western Suffolk BOCES,Education,Dix Hills,4,3,,,,
379,not_found,Dowling College — Oakdale Campus,Education,Oakdale,4,3,,,,
381,not_found,Life Time Fitness Syosset,Entertainment,Syosset,3,3,,,,
382,not_found,Life Time Fitness Commack,Entertainment,Commack,3,3,,,,
385,not_found,Vanderbilt Museum — Hall of Fishes,Entertainment,Centerport,3,2,,,,
389,not_found,Patchogue Theatre for the Performing Arts,Entertainment,Patchogue,3,2,,,,
391,not_found,Freeport YMCA,Community,Freeport,2,1,,,,
393,not_found,Hempstead YMCA,Community,Hempstead,2,1,,,,
395,not_found,Westbury YMCA,Community,Westbury,2,1,,,,
396,not_found,Port Washington YMCA,Community,Port Washington,2,1,,,,
397,not_found,Patchogue YMCA,Community,Patchogue,2,1,,,,
398,not_found,Commack YMCA,Community,Commack,2,1,,,,
399,not_found,Brentwood YMCA,Community,Brentwood,2,1,,,,
401,not_found,Bay Shore YMCA,Community,Bay Shore,3,2,,,,
402,not_found,East Meadow YMCA,Community,East Meadow,2,1,,,,
403,not_found,Riverhead YMCA,Community,Riverhead,2,1,,,,
405,not_found,JCC of the Greater Five Towns,Community,Woodmere,2,1,,,,
406,not_found,Sands Point Preserve — Hempstead House,Community,Sands Point,3,2,,,,
411,not_found,Mineola Medical Arts Building,Medical,Mineola,2,1,,,,
412,not_found,Rockville Centre Medical Arts,Medical,Rockville Centre,2,1,,,,
413,not_found,Massapequa Medical Center,Medical,Massapequa,2,1,,,,
414,not_found,Bellmore Medical Arts,Medical,Bellmore,2,1,,,,
415,not_found,Merrick Medical Arts,Medical,Merrick,2,1,,,,
416,not_found,Wantagh Medical Center,Medical,Wantagh,2,1,,,,
417,not_found,Lindenhurst Medical Arts,Medical,Lindenhurst,2,1,,,,
418,not_found,Deer Park Medical Center,Medical,Deer Park,2,1,,,,
419,not_found,Coram Medical Arts,Medical,Coram,2,1,,,,
420,not_found,Centereach Medical Center,Medical,Centereach,2,1,,,,
421,not_found,Bohemia Medical Arts,Medical,Bohemia,2,1,,,,
422,not_found,Medford Medical Center,Medical,Medford,2,1,,,,
423,not_found,Setauket Medical Center,Medical,East Setauket,2,1,,,,
424,not_found,Port Jefferson Medical Center,Medical,Port Jefferson,2,1,,,,
425,not_found,Oceanside Medical Arts,Medical,Oceanside,2,1,,,,
426,not_found,Hewlett Medical Center,Medical,Hewlett,2,1,,,,
427,not_found,Valley Stream Medical Arts,Medical,Valley Stream,2,1,,,,
428,not_found,Elmont Medical Center,Medical,Elmont,2,1,,,,
429,not_found,Floral Park Medical Arts,Medical,Floral Park,2,1,,,,
430,not_found,Seaford Medical Arts,Medical,Seaford,2,1,,,,
438,not_found,Bay Shore–Brightwaters Library,Library,Bay Shore,2,1,,,,
458,not_found,Long Beach DMV Office,Government,Long Beach,2,1,,,,
459,not_found,Nassau County DMV Hempstead,Government,Hempstead,2,1,,,,
463,not_found,100 E Main St Smithtown,Office,Smithtown,2,1,100,place=house,729,
464,not_found,Hauppauge Commerce Center,Office,Hauppauge,2,1,,,,
466,not_found,New Hyde Park Office Park,Office,New Hyde Park,2,1,,,,
467,not_found,155 Froehlich Farm Blvd,Office,Woodbury,2,1,155,place=house,0,
468,not_found,Valley Stream Business Center,Office,Valley Stream,2,1,,,,
469,not_found,33 Walt Whitman Rd,Office,Huntington Station,3,2,33,place=house,283,
470,not_found,75 Maiden Ln Great Neck,Office,Great Neck,2,1,,,,
474,not_found,100 Merrick Rd,Office,Merrick,6,4,100,place=house,8057,
475,not_found,Bayberry Professional Center,Office,Woodbury,4,3,,,,
476,not_found,Long Island Museum of American Art,Entertainment,Stony Brook,2,1,,,,
482,not_found,Sunrise Highway Plaza,Mall,Merrick,2,1,,,,
485,not_found,Stony Brook Medical Pavilion East,Medical,East Setauket,2,1,,,,
486,not_found,Plainview Commons Medical Center,Medical,Plainview,3,2,,,,
487,not_found,Babylon Professional Center,Office,Babylon,2,1,,,,
488,not_found,Freeport Professional Building,Office,Freeport,2,1,,,,
489,not_found,Riverhead Professional Center,Office,Riverhead,2,1,,,,
491,not_found,Memorial Sloan Kettering Commack,Medical,Commack,4,3,,,,
492,not_found,Stony Brook Southampton Hospital Outpatient,Medical,Southampton,3,2,,,,
493,not_found,NYU Langone East Hampton Medical,Medical,East Hampton,3,2,,,,
494,not_found,Northwell Health Cardiology Carle Place,Medical,Carle Place,3,2,,,,
495,not_found,North Shore LIJ Surgery Center Valley Stream,Medical,Valley Stream,3,2,,,,
496,not_found,MultiCare Medical Group Babylon,Medical,Babylon,2,1,,,,
497,not_found,Long Island ENT Great Neck,Medical,Great Neck,2,1,,,,
498,not_found,East Meadow Medical Center,Medical,East Meadow,3,2,,,,
499,not_found,New York Cancer & Blood Specialists Shirley,Medical,Shirley,3,2,,,,
500,not_found,Island Hospice & Healthcare,Medical,Hauppauge,3,2,,,,
502,not_found,Stony Brook Cardiology Commack,Medical,Commack,2,1,,,,
504,not_found,NYU Langone Obstetrics Garden City,Medical,Garden City,3,2,,,,
505,not_found,Northwell Health Neuroscience Manhasset,Medical,Manhasset,4,3,,,,
506,not_found,Catholic Health Physician Partners East Meadow,Medical,East Meadow,3,2,,,,
507,not_found,Stony Brook Medicine Riverhead,Medical,Riverhead,3,2,,,,
508,not_found,Northwell Pediatric Specialty Great Neck,Medical,Great Neck,3,2,,,,
509,not_found,CareMount Medical Melville,Medical,Melville,2,1,,,,
510,not_found,St. Francis Hospital Outpatient Greenvale,Medical,Greenvale,3,2,,,,
511,not_found,New York Community Bancorp HQ,Financial,Hicksville,8,5,,,,
512,not_found,Bethpage Federal Credit Union HQ,Financial,Bethpage,5,4,,,,
513,not_found,Teachers Federal Credit Union HQ,Financial,Hauppauge,4,3,,,,
514,not_found,Dime Community Bank HQ,Financial,Hauppauge,4,3,,,,
515,not_found,Island Federal Credit Union HQ,Financial,Hauppauge,3,2,,,,
516,not_found,Flushing Bank Long Island Regional,Financial,Mineola,4,3,,,,
517,not_found,Valley National Bank Garden City,Financial,Garden City,4,3,,,,
518,not_found,Signature Bank Long Island,Financial,Garden City,5,4,,,,
519,not_found,Greater Hudson Savings Bank,Financial,Merrick,3,2,,,,
520,not_found,Hanover Bancorp LI,Financial,Mineola,3,2,,,,
522,not_found,TD Bank Regional Headquarters,Financial,Garden City,5,4,,,,
523,not_found,JP Morgan Chase Long Island,Financial,Mineola,4,3,,,,
524,not_found,Long Island Community Bank HQ,Financial,Islandia,5,4,,,,
529,not_found,The Bristal at Islandia,Residential,Islandia,4,4,,,,
531,not_found,The Bristal at Bethpage,Residential,Bethpage,4,4,,,,
532,not_found,Sunrise Senior Living Commack,Residential,Commack,4,3,,,,
533,not_found,The Esplanade of Manhasset,Residential,Manhasset,5,4,,,,
534,not_found,Vintage Gardens Senior Living,Residential,Huntington,5,3,,,,
535,not_found,The Riverton at Centereach,Residential,Centereach,4,3,,,,
536,not_found,Babylon Landing Apartments,Residential,Babylon,5,3,,,,
537,not_found,East Hampton Village Green,Residential,East Hampton,3,2,,,,
538,not_found,Sag Harbor Cove Condominiums,Residential,Sag Harbor,3,2,,,,
539,not_found,Three Village Apartments,Residential,East Setauket,5,3,,,,
540,not_found,Atria Stamford,Residential,Smithtown,4,3,,,,
541,not_found,The 1770 House,Hotel,East Hampton,3,2,,,,
544,not_found,Hampton Inn Southampton,Hotel,Southampton,4,3,,,,
545,not_found,Westhampton Inn,Hotel,Westhampton Beach,3,2,,,,
546,not_found,Holiday Inn Express Garden City,Hotel,Garden City,5,4,,,,
547,not_found,La Quinta Inn Melville,Hotel,Melville,4,3,,,,
548,not_found,Marriott Residence Inn Carle Place,Hotel,Carle Place,4,3,,,,
549,not_found,Hyatt Place Melville,Hotel,Melville,5,4,,,,
550,not_found,Hampton Inn Melville,Hotel,Melville,4,3,,,,
551,not_found,Extended Stay America Hauppauge,Hotel,Hauppauge,3,2,,,,
552,not_found,Amagansett Beach & Atlantic Hotel,Hotel,Amagansett,3,2,,,,
553,not_found,Southold Inn,Hotel,Southold,3,2,,,,
556,not_found,645 Saratoga Ave,Office,Hauppauge,4,3,,,,
557,not_found,80 Orville Dr,Office,Bohemia,3,2,80,place=house,1,
558,not_found,55 Maxess Rd,Office,Hauppauge,4,3,,,,
560,not_found,Commack Professional Center,Office,Commack,3,2,,,,
562,not_found,Glen Head Office Center,Office,Glen Head,3,2,,,,
565,not_found,Port Jefferson Station Office Park,Office,Port Jefferson Station,3,2,,,,
566,not_found,East Hampton Professional Center,Office,East Hampton,3,2,,,,
567,not_found,Riverhead Center Professional Bldg,Office,Riverhead,3,2,,,,
568,not_found,Northport Professional Center,Office,Northport,3,2,,,,
569,not_found,Plainview Executive Center,Office,Plainview,3,2,,,,
576,not_found,Nassau County Traffic & Parking Agency,Government,Hempstead,3,2,,,,
577,not_found,Bellport Village Hall,Government,Bellport,2,1,,,,
583,not_found,Great Neck South High School,Education,Great Neck,3,3,,,,
588,not_found,Smithtown High School East,Education,Commack,3,3,,,,
593,not_found,Old Westbury Gardens — Westbury House,Entertainment,Old Westbury,3,2,,,,
594,not_found,Sagamore Hill — Roosevelt Home,Entertainment,Oyster Bay,3,2,,,,
595,not_found,Life Time Fitness Garden City,Entertainment,Garden City,3,3,,,,
596,not_found,Life Time Fitness Port Washington,Entertainment,Port Washington,3,3,,,,
597,not_found,Adventureland Amusement Park,Entertainment,Farmingdale,3,2,,,,
598,not_found,Caumsett State Park — Manor,Entertainment,Lloyd Neck,3,2,,,,
604,not_found,Old Westbury YMCA,Community,Roslyn Heights,2,1,,,,
605,not_found,Midway YMCA Bethpage,Community,Bethpage,2,1,,,,
606,not_found,East End Arts Council,Community,Riverhead,2,1,,,,
607,not_found,Catholic Charities Long Island,Community,Rockville Centre,2,1,,,,
608,not_found,North Shore Unitarian Universalist Society,Community,Manhasset,2,1,,,,
609,not_found,Shelter Island YMCA,Community,Shelter Island,2,1,,,,
610,not_found,Babylon-Amityville Council on the Arts,Community,Babylon,2,1,,,,
614,not_found,Lakeland Commons,Mall,West Babylon,2,2,,,,
615,not_found,Jericho Terrace Plaza,Mall,Mineola,2,1,,,,
616,not_found,Sterling Bancorp Long Island,Financial,Montebello,4,3,,,,
618,not_found,Citibank Long Island Regional,Financial,Lake Success,4,3,,,,
619,not_found,First National Bank of LI HQ,Financial,Glen Head,3,2,,,,
620,not_found,Investors Bank Long Island,Financial,Uniondale,3,2,,,,
